image1,image2,image3,image4,text1
images/acorn.jpg,images/coconut.jpg,images/key.jpg,images/clothesline.jpg,acorn
images/aloe.jpg,images/cactus.jpg,images/bracket.jpg,images/banner.jpg,aloe
images/antenna.jpg,images/stem.jpg,images/pinecone.jpg,images/backgammon.jpg,antenna
images/artichoke.jpg,images/leek.jpg,images/sunroof.jpg,images/cello.jpg,artichoke
images/bamboo.jpg,images/lumber.jpg,images/yacht.jpg,images/apron.jpg,bamboo
images/barrel.jpg,images/bucket.jpg,images/shelf.jpg,images/anteater.jpg,barrel
images/blender.jpg,images/blind.jpg,images/mailbox.jpg,images/trampoline.jpg,blender
images/blower.jpg,images/burner.jpg,images/buggy.jpg,images/papaya.jpg,blower
images/bobsled.jpg,images/sidecar.jpg,images/dip.jpg,images/cilantro.jpg,bobsled
images/bouquet.jpg,images/centerpiece.jpg,images/bandanna.jpg,images/submarine.jpg,bouquet
images/buffet.jpg,images/counter.jpg,images/crib.jpg,images/rhubarb.jpg,buffet
images/bulldozer.jpg,images/tractor.jpg,images/orange.jpg,images/eggplant.jpg,bulldozer
images/cake.jpg,images/dessert.jpg,images/refrigerator.jpg,images/battery.jpg,cake
images/candlestick.jpg,images/candle.jpg,images/egg.jpg,images/orangutan.jpg,candlestick
images/caramel.jpg,images/amber.jpg,images/olive.jpg,images/warthog.jpg,caramel
images/carousel.jpg,images/carriage.jpg,images/dish.jpg,images/melon.jpg,carousel
images/carrot.jpg,images/vegetable.jpg,images/phone.jpg,images/bathtub.jpg,carrot
images/cassette.jpg,images/tape.jpg,images/book.jpg,images/hammock.jpg,cassette
images/cheese.jpg,images/butter.jpg,images/mud.jpg,images/hippopotamus.jpg,cheese
images/cloak.jpg,images/hood.jpg,images/cinnamon.jpg,images/jellyfish.jpg,cloak
images/clothespin.jpg,images/toothpick.jpg,images/volleyball.jpg,images/fondue.jpg,clothespin
images/coaster.jpg,images/card.jpg,images/painting.jpg,images/hummingbird.jpg,coaster
images/cork.jpg,images/jersey.jpg,images/skateboard.jpg,images/mascara.jpg,cork
images/cornbread.jpg,images/corn.jpg,images/wreath.jpg,images/organ.jpg,cornbread
images/corset.jpg,images/harness.jpg,images/mantle.jpg,images/bonsai.jpg,corset
images/cymbal.jpg,images/mallet.jpg,images/kaleidoscope.jpg,images/ferry.jpg,cymbal
images/dumpling.jpg,images/meatball.jpg,images/rocket.jpg,images/coyote.jpg,dumpling
images/elbow.jpg,images/arm.jpg,images/bed.jpg,images/gorilla.jpg,elbow
images/fan.jpg,images/album.jpg,images/boulder.jpg,images/chipmunk.jpg,fan
images/flan.jpg,images/fuse.jpg,images/amplifier.jpg,images/turnstile.jpg,flan
images/foam.jpg,images/float.jpg,images/quilt.jpg,images/asparagus.jpg,foam
images/footbath.jpg,images/trough.jpg,images/vest.jpg,images/rhinoceros.jpg,footbath
images/fox.jpg,images/wolf.jpg,images/reindeer.jpg,images/harmonica.jpg,fox
images/freezer.jpg,images/cooler.jpg,images/nest.jpg,images/binoculars.jpg,freezer
images/fruitcake.jpg,images/fudge.jpg,images/dough.jpg,images/anvil.jpg,fruitcake
images/gondola.jpg,images/trolley.jpg,images/clipboard.jpg,images/charger.jpg,gondola
images/grate.jpg,images/crate.jpg,images/reel.jpg,images/tuba.jpg,grate
images/gutter.jpg,images/filter.jpg,images/almond.jpg,images/porthole.jpg,gutter
images/hamster.jpg,images/rabbit.jpg,images/tadpole.jpg,images/skirt.jpg,hamster
images/headdress.jpg,images/crown.jpg,images/poster.jpg,images/mango.jpg,headdress
images/hedgehog.jpg,images/owl.jpg,images/iguana.jpg,images/dumbwaiter.jpg,hedgehog
images/hoe.jpg,images/peg.jpg,images/dustpan.jpg,images/beaker.jpg,hoe
images/hopscotch.jpg,images/chalk.jpg,images/funnel.jpg,images/jug.jpg,hopscotch
images/horn.jpg,images/bone.jpg,images/chin.jpg,images/ladybug.jpg,horn
images/kimono.jpg,images/cardigan.jpg,images/turntable.jpg,images/cable.jpg,kimono
images/koala.jpg,images/panda.jpg,images/bee.jpg,images/backscratcher.jpg,koala
images/latch.jpg,images/lock.jpg,images/microwave.jpg,images/umbrella.jpg,latch
images/locker.jpg,images/cabinet.jpg,images/basket.jpg,images/gargoyle.jpg,locker
images/lollipop.jpg,images/candy.jpg,images/doorbell.jpg,images/crumb.jpg,lollipop
images/mandolin.jpg,images/gourd.jpg,images/mast.jpg,images/seismograph.jpg,mandolin
images/map.jpg,images/marker.jpg,images/ruby.jpg,images/dishwasher.jpg,map
images/marshmallow.jpg,images/snowball.jpg,images/dryer.jpg,images/rooster.jpg,marshmallow
images/mulch.jpg,images/compost.jpg,images/clarinet.jpg,images/lantern.jpg,mulch
images/net.jpg,images/tee.jpg,images/domino.jpg,images/hydrant.jpg,net
images/oatmeal.jpg,images/cereal.jpg,images/collar.jpg,images/aquarium.jpg,oatmeal
images/oil.jpg,images/gel.jpg,images/grain.jpg,images/bassinet.jpg,oil
images/omelet.jpg,images/pancake.jpg,images/clay.jpg,images/trunk.jpg,omelet
images/otter.jpg,images/beaver.jpg,images/goose.jpg,images/tablecloth.jpg,otter
images/pajamas.jpg,images/pants.jpg,images/cage.jpg,images/groundhog.jpg,pajamas
images/parsley.jpg,images/basil.jpg,images/tiara.jpg,images/kayak.jpg,parsley
images/pie.jpg,images/pizza.jpg,images/flashlight.jpg,images/sweater.jpg,pie
images/pistachio.jpg,images/avocado.jpg,images/taco.jpg,images/bagpipe.jpg,pistachio
images/pitcher.jpg,images/batter.jpg,images/tumbleweed.jpg,images/medal.jpg,pitcher
images/potato.jpg,images/pot.jpg,images/glasses.jpg,images/dragonfly.jpg,potato
images/prism.jpg,images/radar.jpg,images/subway.jpg,images/chinchilla.jpg,prism
images/prune.jpg,images/raisin.jpg,images/headrest.jpg,images/jukebox.jpg,prune
images/puddle.jpg,images/bubble.jpg,images/baseball.jpg,images/salami.jpg,puddle
images/pump.jpg,images/plug.jpg,images/coat.jpg,images/scarf.jpg,pump
images/rice.jpg,images/dice.jpg,images/box.jpg,images/bedpost.jpg,rice
images/saddle.jpg,images/handle.jpg,images/figurine.jpg,images/broccoli.jpg,saddle
images/sandbag.jpg,images/sandpaper.jpg,images/valve.jpg,images/octopus.jpg,sandbag
images/sauerkraut.jpg,images/potpourri.jpg,images/dashboard.jpg,images/clove.jpg,sauerkraut
images/scaffolding.jpg,images/satellite.jpg,images/veil.jpg,images/antelope.jpg,scaffolding
images/scoop.jpg,images/sauce.jpg,images/statue.jpg,images/cauliflower.jpg,scoop
images/seagull.jpg,images/pigeon.jpg,images/lobster.jpg,images/perfume.jpg,seagull
images/ship.jpg,images/boat.jpg,images/nose.jpg,images/zucchini.jpg,ship
images/shower.jpg,images/soap.jpg,images/toe.jpg,images/cantaloupe.jpg,shower
images/silverware.jpg,images/trophy.jpg,images/garlic.jpg,images/eggnog.jpg,silverware
images/sink.jpg,images/toilet.jpg,images/stair.jpg,images/knitting.jpg,sink
images/ski.jpg,images/ice.jpg,images/suitcase.jpg,images/pincushion.jpg,ski
images/sloth.jpg,images/donkey.jpg,images/clam.jpg,images/incense.jpg,sloth
images/snail.jpg,images/worm.jpg,images/cow.jpg,images/visor.jpg,snail
images/sorbet.jpg,images/palette.jpg,images/tamale.jpg,images/chive.jpg,sorbet
images/spatula.jpg,images/paddle.jpg,images/lava.jpg,images/pheasant.jpg,spatula
images/sprinkler.jpg,images/sparkler.jpg,images/flower.jpg,images/charcoal.jpg,sprinkler
images/squash.jpg,images/pumpkin.jpg,images/branch.jpg,images/gazelle.jpg,squash
images/squirrel.jpg,images/monkey.jpg,images/eagle.jpg,images/shorts.jpg,squirrel
images/stew.jpg,images/soup.jpg,images/mixer.jpg,images/orchid.jpg,stew
images/stretcher.jpg,images/drill.jpg,images/thermostat.jpg,images/vase.jpg,stretcher
images/stump.jpg,images/log.jpg,images/bookshelf.jpg,images/showerhead.jpg,stump
images/sunflower.jpg,images/pineapple.jpg,images/rim.jpg,images/pinball.jpg,sunflower
images/swordfish.jpg,images/catfish.jpg,images/leopard.jpg,images/graffiti.jpg,swordfish
images/taillight.jpg,images/bumper.jpg,images/luggage.jpg,images/sushi.jpg,taillight
images/tapestry.jpg,images/backdrop.jpg,images/leggings.jpg,images/forklift.jpg,tapestry
images/teabag.jpg,images/tea.jpg,images/fingerprint.jpg,images/braid.jpg,teabag
images/teapot.jpg,images/teacup.jpg,images/brake.jpg,images/bookmark.jpg,teapot
images/telescope.jpg,images/tripod.jpg,images/windshield.jpg,images/anklet.jpg,telescope
images/thermos.jpg,images/oilcan.jpg,images/firewood.jpg,images/coral.jpg,thermos
images/treasure.jpg,images/gift.jpg,images/rope.jpg,images/lamp.jpg,treasure
images/trumpet.jpg,images/flute.jpg,images/violin.jpg,images/coleslaw.jpg,trumpet
images/tulip.jpg,images/rose.jpg,images/glove.jpg,images/hubcap.jpg,tulip
images/turbine.jpg,images/generator.jpg,images/tab.jpg,images/pesto.jpg,turbine
images/turkey.jpg,images/goat.jpg,images/swan.jpg,images/pencil.jpg,turkey
images/turtle.jpg,images/frog.jpg,images/horse.jpg,images/railing.jpg,turtle
images/tuxedo.jpg,images/suit.jpg,images/stroller.jpg,images/moccasin.jpg,tuxedo
images/typewriter.jpg,images/printer.jpg,images/sunglasses.jpg,images/drumstick.jpg,typewriter
images/watermelon.jpg,images/strawberry.jpg,images/screwdriver.jpg,images/crane.jpg,watermelon
images/waterwheel.jpg,images/pinwheel.jpg,images/target.jpg,images/boa.jpg,waterwheel
images/ant.jpg,images/muffin.jpg,images/raspberry.jpg,images/mint.jpg,ant
images/ball.jpg,images/pen.jpg,images/peach.jpg,images/snack.jpg,ball
images/bear.jpg,images/mirror.jpg,images/saw.jpg,images/bell.jpg,bear
images/duck.jpg,images/tongue.jpg,images/ladder.jpg,images/snake.jpg,duck
images/fork.jpg,images/crow.jpg,images/wagon.jpg,images/bead.jpg,fork
images/kitten.jpg,images/wrist.jpg,images/pillow.jpg,images/mattress.jpg,kitten
images/knee.jpg,images/face.jpg,images/leash.jpg,images/sock.jpg,knee
images/milkshake.jpg,images/pan.jpg,images/needle.jpg,images/gate.jpg,milkshake
images/skin.jpg,images/cardboard.jpg,images/drum.jpg,images/clock.jpg,skin
images/wall.jpg,images/knob.jpg,images/sponge.jpg,images/robot.jpg,wall
images/wheel.jpg,images/fish.jpg,images/bowl.jpg,images/meat.jpg,wheel