text1,image1
aardvark,object_images_CC0/aardvark.jpg
abacus,object_images_CC0/abacus.jpg
accordion,object_images_CC0/accordion.jpg
acorn,object_images_CC0/acorn.jpg
air_conditioner,object_images_CC0/air_conditioner.jpg
air_mattress,object_images_CC0/air_mattress.jpg
air_pump,object_images_CC0/air_pump.jpg
airbag,object_images_CC0/airbag.jpg
airboat,object_images_CC0/airboat.jpg
aircraft_carrier,object_images_CC0/aircraft_carrier.jpg
airplane,object_images_CC0/airplane.jpg
album,object_images_CC0/album.jpg
alligator,object_images_CC0/alligator.jpg
almond,object_images_CC0/almond.jpg
aloe,object_images_CC0/aloe.jpg
alpaca,object_images_CC0/alpaca.jpg
altar,object_images_CC0/altar.jpg
aluminum_foil,object_images_CC0/aluminum_foil.jpg
amber,object_images_CC0/amber.jpg
ambulance,object_images_CC0/ambulance.jpg
amplifier,object_images_CC0/amplifier.jpg
anchor,object_images_CC0/anchor.jpg
ankle,object_images_CC0/ankle.jpg
anklet,object_images_CC0/anklet.jpg
ant,object_images_CC0/ant.jpg
anteater,object_images_CC0/anteater.jpg
antelope,object_images_CC0/antelope.jpg
antenna,object_images_CC0/antenna.jpg
anvil,object_images_CC0/anvil.jpg
appetizer,object_images_CC0/appetizer.jpg
apple,object_images_CC0/apple.jpg
apple_tree,object_images_CC0/apple_tree.jpg
applesauce,object_images_CC0/applesauce.jpg
apron,object_images_CC0/apron.jpg
aquarium,object_images_CC0/aquarium.jpg
arch,object_images_CC0/arch.jpg
arm,object_images_CC0/arm.jpg
armor,object_images_CC0/armor.jpg
arrow,object_images_CC0/arrow.jpg
artichoke,object_images_CC0/artichoke.jpg
arugula,object_images_CC0/arugula.jpg
ashtray,object_images_CC0/ashtray.jpg
asparagus,object_images_CC0/asparagus.jpg
avocado,object_images_CC0/avocado.jpg
awning,object_images_CC0/awning.jpg
axe,object_images_CC0/axe.jpg
baby,object_images_CC0/baby.jpg
backdrop,object_images_CC0/backdrop.jpg
backgammon,object_images_CC0/backgammon.jpg
backpack,object_images_CC0/backpack.jpg
backscratcher,object_images_CC0/backscratcher.jpg
bacon,object_images_CC0/bacon.jpg
badge,object_images_CC0/badge.jpg
badger,object_images_CC0/badger.jpg
bag,object_images_CC0/bag.jpg
bagel,object_images_CC0/bagel.jpg
bagpipe,object_images_CC0/bagpipe.jpg
baklava,object_images_CC0/baklava.jpg
balance_beam,object_images_CC0/balance_beam.jpg
ball,object_images_CC0/ball.jpg
balloon,object_images_CC0/balloon.jpg
ballot_box,object_images_CC0/ballot_box.jpg
bamboo,object_images_CC0/bamboo.jpg
banana,object_images_CC0/banana.jpg
banana_peel,object_images_CC0/banana_peel.jpg
banana_split,object_images_CC0/banana_split.jpg
bandage,object_images_CC0/bandage.jpg
bandanna,object_images_CC0/bandanna.jpg
banjo,object_images_CC0/banjo.jpg
bank,object_images_CC0/bank.jpg
banner,object_images_CC0/banner.jpg
barbed_wire,object_images_CC0/barbed_wire.jpg
barbell,object_images_CC0/barbell.jpg
barcode,object_images_CC0/barcode.jpg
bark,object_images_CC0/bark.jpg
barnacle,object_images_CC0/barnacle.jpg
barrel,object_images_CC0/barrel.jpg
barrette,object_images_CC0/barrette.jpg
baseball,object_images_CC0/baseball.jpg
baseball_bat,object_images_CC0/baseball_bat.jpg
baseball_glove,object_images_CC0/baseball_glove.jpg
basil,object_images_CC0/basil.jpg
basket,object_images_CC0/basket.jpg
basketball,object_images_CC0/basketball.jpg
basketball_hoop,object_images_CC0/basketball_hoop.jpg
bassinet,object_images_CC0/bassinet.jpg
bassoon,object_images_CC0/bassoon.jpg
bat1,object_images_CC0/bat1.jpg
bat2,object_images_CC0/bat2.jpg
bathmat,object_images_CC0/bathmat.jpg
bathrobe,object_images_CC0/bathrobe.jpg
bathtub,object_images_CC0/bathtub.jpg
baton1,object_images_CC0/baton1.jpg
baton2,object_images_CC0/baton2.jpg
baton3,object_images_CC0/baton3.jpg
baton4,object_images_CC0/baton4.jpg
batter,object_images_CC0/batter.jpg
battery,object_images_CC0/battery.jpg
bazooka,object_images_CC0/bazooka.jpg
beachball,object_images_CC0/beachball.jpg
bead,object_images_CC0/bead.jpg
beaker,object_images_CC0/beaker.jpg
bean,object_images_CC0/bean.jpg
beanbag,object_images_CC0/beanbag.jpg
beanie,object_images_CC0/beanie.jpg
bear,object_images_CC0/bear.jpg
beard,object_images_CC0/beard.jpg
beaver,object_images_CC0/beaver.jpg
bed,object_images_CC0/bed.jpg
bedpan,object_images_CC0/bedpan.jpg
bedpost,object_images_CC0/bedpost.jpg
bee,object_images_CC0/bee.jpg
beehive,object_images_CC0/beehive.jpg
beer,object_images_CC0/beer.jpg
beet,object_images_CC0/beet.jpg
beetle,object_images_CC0/beetle.jpg
bell,object_images_CC0/bell.jpg
bell_pepper,object_images_CC0/bell_pepper.jpg
belt,object_images_CC0/belt.jpg
belt_buckle,object_images_CC0/belt_buckle.jpg
bench,object_images_CC0/bench.jpg
berry,object_images_CC0/berry.jpg
bib,object_images_CC0/bib.jpg
bike,object_images_CC0/bike.jpg
bikini,object_images_CC0/bikini.jpg
bin,object_images_CC0/bin.jpg
binder,object_images_CC0/binder.jpg
binoculars,object_images_CC0/binoculars.jpg
bird,object_images_CC0/bird.jpg
birdbath,object_images_CC0/birdbath.jpg
birdcage,object_images_CC0/birdcage.jpg
birdhouse,object_images_CC0/birdhouse.jpg
birthday_cake,object_images_CC0/birthday_cake.jpg
biscuit,object_images_CC0/biscuit.jpg
bison,object_images_CC0/bison.jpg
blackberry,object_images_CC0/blackberry.jpg
blanket,object_images_CC0/blanket.jpg
blazer,object_images_CC0/blazer.jpg
blender,object_images_CC0/blender.jpg
blimp,object_images_CC0/blimp.jpg
blind,object_images_CC0/blind.jpg
blinder,object_images_CC0/blinder.jpg
blindfold,object_images_CC0/blindfold.jpg
block,object_images_CC0/block.jpg
blouse,object_images_CC0/blouse.jpg
blower,object_images_CC0/blower.jpg
blowfish,object_images_CC0/blowfish.jpg
blowgun,object_images_CC0/blowgun.jpg
blowtorch,object_images_CC0/blowtorch.jpg
blueberry,object_images_CC0/blueberry.jpg
boa,object_images_CC0/boa.jpg
boar,object_images_CC0/boar.jpg
board,object_images_CC0/board.jpg
board_game,object_images_CC0/board_game.jpg
boat,object_images_CC0/boat.jpg
bobsled,object_images_CC0/bobsled.jpg
bok_choy,object_images_CC0/bok_choy.jpg
bolo_tie,object_images_CC0/bolo_tie.jpg
bologna,object_images_CC0/bologna.jpg
bolt,object_images_CC0/bolt.jpg
bomb,object_images_CC0/bomb.jpg
bone,object_images_CC0/bone.jpg
bongo,object_images_CC0/bongo.jpg
bonnet,object_images_CC0/bonnet.jpg
bonsai,object_images_CC0/bonsai.jpg
book,object_images_CC0/book.jpg
bookmark,object_images_CC0/bookmark.jpg
bookshelf,object_images_CC0/bookshelf.jpg
boomerang,object_images_CC0/boomerang.jpg
boot,object_images_CC0/boot.jpg
bottle,object_images_CC0/bottle.jpg
bottle_opener,object_images_CC0/bottle_opener.jpg
boulder,object_images_CC0/boulder.jpg
bouquet,object_images_CC0/bouquet.jpg
bow1,object_images_CC0/bow1.jpg
bow2,object_images_CC0/bow2.jpg
bow3,object_images_CC0/bow3.jpg
bowl,object_images_CC0/bowl.jpg
bowler_hat,object_images_CC0/bowler_hat.jpg
bowling_ball,object_images_CC0/bowling_ball.jpg
bowtie,object_images_CC0/bowtie.jpg
box,object_images_CC0/box.jpg
boxer_shorts,object_images_CC0/boxer_shorts.jpg
boxing_gloves,object_images_CC0/boxing_gloves.jpg
boy,object_images_CC0/boy.jpg
bra,object_images_CC0/bra.jpg
brace,object_images_CC0/brace.jpg
bracelet1,object_images_CC0/bracelet1.jpg
bracelet2,object_images_CC0/bracelet2.jpg
bracket,object_images_CC0/bracket.jpg
braid,object_images_CC0/braid.jpg
brake,object_images_CC0/brake.jpg
branch,object_images_CC0/branch.jpg
brass_knuckles,object_images_CC0/brass_knuckles.jpg
bread,object_images_CC0/bread.jpg
breadbox,object_images_CC0/breadbox.jpg
breadstick,object_images_CC0/breadstick.jpg
breakfast,object_images_CC0/breakfast.jpg
breathalyzer,object_images_CC0/breathalyzer.jpg
brick,object_images_CC0/brick.jpg
briefcase,object_images_CC0/briefcase.jpg
broccoli,object_images_CC0/broccoli.jpg
brooch,object_images_CC0/brooch.jpg
broom,object_images_CC0/broom.jpg
brownie,object_images_CC0/brownie.jpg
brush,object_images_CC0/brush.jpg
brussels_sprouts,object_images_CC0/brussels_sprouts.jpg
bubble,object_images_CC0/bubble.jpg
bubble_wrap,object_images_CC0/bubble_wrap.jpg
bucket,object_images_CC0/bucket.jpg
buckle,object_images_CC0/buckle.jpg
buffet,object_images_CC0/buffet.jpg
bug,object_images_CC0/bug.jpg
buggy,object_images_CC0/buggy.jpg
bull,object_images_CC0/bull.jpg
bulldozer,object_images_CC0/bulldozer.jpg
bullet,object_images_CC0/bullet.jpg
bulletin_board,object_images_CC0/bulletin_board.jpg
bulletproof_vest,object_images_CC0/bulletproof_vest.jpg
bumper,object_images_CC0/bumper.jpg
bun,object_images_CC0/bun.jpg
bungee,object_images_CC0/bungee.jpg
bunkbed,object_images_CC0/bunkbed.jpg
buoy,object_images_CC0/buoy.jpg
burner,object_images_CC0/burner.jpg
burrito,object_images_CC0/burrito.jpg
bus,object_images_CC0/bus.jpg
bush,object_images_CC0/bush.jpg
butter,object_images_CC0/butter.jpg
butterfly,object_images_CC0/butterfly.jpg
button1,object_images_CC0/button1.jpg
button2,object_images_CC0/button2.jpg
cabbage,object_images_CC0/cabbage.jpg
cabinet,object_images_CC0/cabinet.jpg
cable,object_images_CC0/cable.jpg
cactus,object_images_CC0/cactus.jpg
cage,object_images_CC0/cage.jpg
cake,object_images_CC0/cake.jpg
cake_mix,object_images_CC0/cake_mix.jpg
calamari,object_images_CC0/calamari.jpg
calculator,object_images_CC0/calculator.jpg
calf1,object_images_CC0/calf1.jpg
calf2,object_images_CC0/calf2.jpg
calzone,object_images_CC0/calzone.jpg
camcorder,object_images_CC0/camcorder.jpg
camel,object_images_CC0/camel.jpg
camera1,object_images_CC0/camera1.jpg
camera2,object_images_CC0/camera2.jpg
camera_lens,object_images_CC0/camera_lens.jpg
camper,object_images_CC0/camper.jpg
can,object_images_CC0/can.jpg
can_opener,object_images_CC0/can_opener.jpg
candelabra,object_images_CC0/candelabra.jpg
candle,object_images_CC0/candle.jpg
candlestick,object_images_CC0/candlestick.jpg
candy,object_images_CC0/candy.jpg
candy_bar,object_images_CC0/candy_bar.jpg
candy_cane,object_images_CC0/candy_cane.jpg
cane,object_images_CC0/cane.jpg
canister,object_images_CC0/canister.jpg
cannon,object_images_CC0/cannon.jpg
cannonball,object_images_CC0/cannonball.jpg
canoe,object_images_CC0/canoe.jpg
cantaloupe,object_images_CC0/cantaloupe.jpg
canvas,object_images_CC0/canvas.jpg
cap,object_images_CC0/cap.jpg
cape,object_images_CC0/cape.jpg
car,object_images_CC0/car.jpg
car_door,object_images_CC0/car_door.jpg
car_seat,object_images_CC0/car_seat.jpg
caramel,object_images_CC0/caramel.jpg
card,object_images_CC0/card.jpg
cardboard,object_images_CC0/cardboard.jpg
cardigan,object_images_CC0/cardigan.jpg
cardinal,object_images_CC0/cardinal.jpg
carousel,object_images_CC0/carousel.jpg
carriage,object_images_CC0/carriage.jpg
carrot,object_images_CC0/carrot.jpg
cart,object_images_CC0/cart.jpg
cash_machine,object_images_CC0/cash_machine.jpg
cash_register,object_images_CC0/cash_register.jpg
cashew,object_images_CC0/cashew.jpg
casserole,object_images_CC0/casserole.jpg
cassette,object_images_CC0/cassette.jpg
cat,object_images_CC0/cat.jpg
catapult,object_images_CC0/catapult.jpg
caterpillar,object_images_CC0/caterpillar.jpg
catfish,object_images_CC0/catfish.jpg
cauliflower,object_images_CC0/cauliflower.jpg
caviar,object_images_CC0/caviar.jpg
cd_player,object_images_CC0/cd_player.jpg
celery,object_images_CC0/celery.jpg
cello,object_images_CC0/cello.jpg
cellphone,object_images_CC0/cellphone.jpg
cement_mixer,object_images_CC0/cement_mixer.jpg
centerpiece,object_images_CC0/centerpiece.jpg
centrifuge,object_images_CC0/centrifuge.jpg
cereal,object_images_CC0/cereal.jpg
chain,object_images_CC0/chain.jpg
chainsaw,object_images_CC0/chainsaw.jpg
chair,object_images_CC0/chair.jpg
chalice,object_images_CC0/chalice.jpg
chalk,object_images_CC0/chalk.jpg
chalkboard,object_images_CC0/chalkboard.jpg
champagne,object_images_CC0/champagne.jpg
chandelier,object_images_CC0/chandelier.jpg
chaps,object_images_CC0/chaps.jpg
charcoal,object_images_CC0/charcoal.jpg
charger,object_images_CC0/charger.jpg
chariot,object_images_CC0/chariot.jpg
checkbook,object_images_CC0/checkbook.jpg
checkers,object_images_CC0/checkers.jpg
cheese,object_images_CC0/cheese.jpg
cheeseburger,object_images_CC0/cheeseburger.jpg
cheesecake,object_images_CC0/cheesecake.jpg
cheetah,object_images_CC0/cheetah.jpg
cherry,object_images_CC0/cherry.jpg
chess_piece,object_images_CC0/chess_piece.jpg
chessboard,object_images_CC0/chessboard.jpg
chest1,object_images_CC0/chest1.jpg
chest2,object_images_CC0/chest2.jpg
chick,object_images_CC0/chick.jpg
chicken1,object_images_CC0/chicken1.jpg
chicken2,object_images_CC0/chicken2.jpg
chicken_wire,object_images_CC0/chicken_wire.jpg
chickpea,object_images_CC0/chickpea.jpg
chihuahua,object_images_CC0/chihuahua.jpg
chili,object_images_CC0/chili.jpg
chime,object_images_CC0/chime.jpg
chimney,object_images_CC0/chimney.jpg
chin,object_images_CC0/chin.jpg
chinaware,object_images_CC0/chinaware.jpg
chinchilla,object_images_CC0/chinchilla.jpg
chip,object_images_CC0/chip.jpg
chipmunk,object_images_CC0/chipmunk.jpg
chips,object_images_CC0/chips.jpg
chisel,object_images_CC0/chisel.jpg
chive,object_images_CC0/chive.jpg
chocolate,object_images_CC0/chocolate.jpg
chopsticks,object_images_CC0/chopsticks.jpg
christmas_card,object_images_CC0/christmas_card.jpg
christmas_tree,object_images_CC0/christmas_tree.jpg
chute,object_images_CC0/chute.jpg
cigar,object_images_CC0/cigar.jpg
cigarette,object_images_CC0/cigarette.jpg
cigarette_butt,object_images_CC0/cigarette_butt.jpg
cigarette_holder,object_images_CC0/cigarette_holder.jpg
cilantro,object_images_CC0/cilantro.jpg
cinnamon,object_images_CC0/cinnamon.jpg
clam,object_images_CC0/clam.jpg
clarinet,object_images_CC0/clarinet.jpg
clasp,object_images_CC0/clasp.jpg
clay,object_images_CC0/clay.jpg
cleat,object_images_CC0/cleat.jpg
cleaver,object_images_CC0/cleaver.jpg
clipboard,object_images_CC0/clipboard.jpg
clipper1,object_images_CC0/clipper1.jpg
clipper2,object_images_CC0/clipper2.jpg
cloak,object_images_CC0/cloak.jpg
clock,object_images_CC0/clock.jpg
closet,object_images_CC0/closet.jpg
clothes,object_images_CC0/clothes.jpg
clothesline,object_images_CC0/clothesline.jpg
clothespin,object_images_CC0/clothespin.jpg
cloud,object_images_CC0/cloud.jpg
clove,object_images_CC0/clove.jpg
clover,object_images_CC0/clover.jpg
coal,object_images_CC0/coal.jpg
coaster,object_images_CC0/coaster.jpg
coat,object_images_CC0/coat.jpg
coat_rack,object_images_CC0/coat_rack.jpg
cobra,object_images_CC0/cobra.jpg
cockatoo,object_images_CC0/cockatoo.jpg
cockroach,object_images_CC0/cockroach.jpg
cocktail,object_images_CC0/cocktail.jpg
coconut,object_images_CC0/coconut.jpg
cocoon,object_images_CC0/cocoon.jpg
coffee,object_images_CC0/coffee.jpg
coffee_bean,object_images_CC0/coffee_bean.jpg
coffee_filter,object_images_CC0/coffee_filter.jpg
coffee_pot,object_images_CC0/coffee_pot.jpg
coffee_table,object_images_CC0/coffee_table.jpg
coffeemaker,object_images_CC0/coffeemaker.jpg
coffin,object_images_CC0/coffin.jpg
coil,object_images_CC0/coil.jpg
coin,object_images_CC0/coin.jpg
coleslaw,object_images_CC0/coleslaw.jpg
collar,object_images_CC0/collar.jpg
column,object_images_CC0/column.jpg
comb,object_images_CC0/comb.jpg
combination_lock,object_images_CC0/combination_lock.jpg
comic_book,object_images_CC0/comic_book.jpg
compass,object_images_CC0/compass.jpg
compost,object_images_CC0/compost.jpg
computer,object_images_CC0/computer.jpg
computer_screen,object_images_CC0/computer_screen.jpg
confetti,object_images_CC0/confetti.jpg
contact_lens,object_images_CC0/contact_lens.jpg
container,object_images_CC0/container.jpg
cooker,object_images_CC0/cooker.jpg
cookie,object_images_CC0/cookie.jpg
cookie_cutter,object_images_CC0/cookie_cutter.jpg
cookie_sheet,object_images_CC0/cookie_sheet.jpg
cooler,object_images_CC0/cooler.jpg
coop,object_images_CC0/coop.jpg
copier,object_images_CC0/copier.jpg
coral,object_images_CC0/coral.jpg
cord,object_images_CC0/cord.jpg
cordon_bleu,object_images_CC0/cordon_bleu.jpg
cork,object_images_CC0/cork.jpg
corkboard,object_images_CC0/corkboard.jpg
corkscrew,object_images_CC0/corkscrew.jpg
corn,object_images_CC0/corn.jpg
cornbread,object_images_CC0/cornbread.jpg
cornhusk,object_images_CC0/cornhusk.jpg
cornmeal,object_images_CC0/cornmeal.jpg
cornucopia,object_images_CC0/cornucopia.jpg
corsage,object_images_CC0/corsage.jpg
corset,object_images_CC0/corset.jpg
costume,object_images_CC0/costume.jpg
cot,object_images_CC0/cot.jpg
cotton_candy,object_images_CC0/cotton_candy.jpg
couch,object_images_CC0/couch.jpg
cougar,object_images_CC0/cougar.jpg
counter,object_images_CC0/counter.jpg
coverall,object_images_CC0/coverall.jpg
cow,object_images_CC0/cow.jpg
coyote,object_images_CC0/coyote.jpg
crab,object_images_CC0/crab.jpg
cracker,object_images_CC0/cracker.jpg
cranberry,object_images_CC0/cranberry.jpg
crane,object_images_CC0/crane.jpg
crank,object_images_CC0/crank.jpg
crate,object_images_CC0/crate.jpg
crayfish,object_images_CC0/crayfish.jpg
crayon,object_images_CC0/crayon.jpg
cream,object_images_CC0/cream.jpg
cream_cheese,object_images_CC0/cream_cheese.jpg
credit_card,object_images_CC0/credit_card.jpg
creme_brulee,object_images_CC0/creme_brulee.jpg
crepe,object_images_CC0/crepe.jpg
crib,object_images_CC0/crib.jpg
croissant,object_images_CC0/croissant.jpg
cross,object_images_CC0/cross.jpg
crossbow,object_images_CC0/crossbow.jpg
crouton,object_images_CC0/crouton.jpg
crow,object_images_CC0/crow.jpg
crowbar,object_images_CC0/crowbar.jpg
crown,object_images_CC0/crown.jpg
crucifix,object_images_CC0/crucifix.jpg
cruise_ship,object_images_CC0/cruise_ship.jpg
crumb,object_images_CC0/crumb.jpg
crutch,object_images_CC0/crutch.jpg
crystal1,object_images_CC0/crystal1.jpg
crystal2,object_images_CC0/crystal2.jpg
crystal_ball,object_images_CC0/crystal_ball.jpg
cuckoo_clock,object_images_CC0/cuckoo_clock.jpg
cucumber,object_images_CC0/cucumber.jpg
cufflink,object_images_CC0/cufflink.jpg
cummerbund,object_images_CC0/cummerbund.jpg
cup,object_images_CC0/cup.jpg
cupcake,object_images_CC0/cupcake.jpg
curb,object_images_CC0/curb.jpg
curling_iron,object_images_CC0/curling_iron.jpg
curry,object_images_CC0/curry.jpg
curtain,object_images_CC0/curtain.jpg
cushion,object_images_CC0/cushion.jpg
cutting_board,object_images_CC0/cutting_board.jpg
cymbal,object_images_CC0/cymbal.jpg
dagger,object_images_CC0/dagger.jpg
daisy,object_images_CC0/daisy.jpg
dalmatian,object_images_CC0/dalmatian.jpg
dandelion,object_images_CC0/dandelion.jpg
dart,object_images_CC0/dart.jpg
dartboard,object_images_CC0/dartboard.jpg
dashboard,object_images_CC0/dashboard.jpg
deer,object_images_CC0/deer.jpg
defibrillator,object_images_CC0/defibrillator.jpg
denture,object_images_CC0/denture.jpg
deodorant,object_images_CC0/deodorant.jpg
desk,object_images_CC0/desk.jpg
dessert,object_images_CC0/dessert.jpg
detonator,object_images_CC0/detonator.jpg
dial,object_images_CC0/dial.jpg
diamond,object_images_CC0/diamond.jpg
diaper,object_images_CC0/diaper.jpg
dice,object_images_CC0/dice.jpg
dip,object_images_CC0/dip.jpg
dirt_bike,object_images_CC0/dirt_bike.jpg
dish,object_images_CC0/dish.jpg
dishrag,object_images_CC0/dishrag.jpg
dishwasher,object_images_CC0/dishwasher.jpg
dishwashing_liquid,object_images_CC0/dishwashing_liquid.jpg
diskette,object_images_CC0/diskette.jpg
diving_board,object_images_CC0/diving_board.jpg
dog,object_images_CC0/dog.jpg
dogfood,object_images_CC0/dogfood.jpg
doghouse,object_images_CC0/doghouse.jpg
doily,object_images_CC0/doily.jpg
doll,object_images_CC0/doll.jpg
dollhouse,object_images_CC0/dollhouse.jpg
dolly,object_images_CC0/dolly.jpg
dolphin,object_images_CC0/dolphin.jpg
domino,object_images_CC0/domino.jpg
donkey,object_images_CC0/donkey.jpg
donut,object_images_CC0/donut.jpg
door,object_images_CC0/door.jpg
doorbell,object_images_CC0/doorbell.jpg
doorhandle,object_images_CC0/doorhandle.jpg
doorknob,object_images_CC0/doorknob.jpg
doorknocker,object_images_CC0/doorknocker.jpg
doormat,object_images_CC0/doormat.jpg
doorstop,object_images_CC0/doorstop.jpg
dough,object_images_CC0/dough.jpg
dragonfly,object_images_CC0/dragonfly.jpg
drain,object_images_CC0/drain.jpg
drawer,object_images_CC0/drawer.jpg
dreidel,object_images_CC0/dreidel.jpg
dress,object_images_CC0/dress.jpg
dresser,object_images_CC0/dresser.jpg
drill,object_images_CC0/drill.jpg
drink,object_images_CC0/drink.jpg
drum,object_images_CC0/drum.jpg
drumstick,object_images_CC0/drumstick.jpg
dryer,object_images_CC0/dryer.jpg
duck,object_images_CC0/duck.jpg
duckling,object_images_CC0/duckling.jpg
duct,object_images_CC0/duct.jpg
duct_tape,object_images_CC0/duct_tape.jpg
duffel_bag,object_images_CC0/duffel_bag.jpg
dumbbell,object_images_CC0/dumbbell.jpg
dumbwaiter,object_images_CC0/dumbwaiter.jpg
dumpling,object_images_CC0/dumpling.jpg
dumpster,object_images_CC0/dumpster.jpg
duster,object_images_CC0/duster.jpg
dustpan,object_images_CC0/dustpan.jpg
dynamite,object_images_CC0/dynamite.jpg
eagle,object_images_CC0/eagle.jpg
ear,object_images_CC0/ear.jpg
earplug,object_images_CC0/earplug.jpg
earring,object_images_CC0/earring.jpg
earwig,object_images_CC0/earwig.jpg
easel,object_images_CC0/easel.jpg
easter_egg,object_images_CC0/easter_egg.jpg
eclair,object_images_CC0/eclair.jpg
eel,object_images_CC0/eel.jpg
egg,object_images_CC0/egg.jpg
egg_roll,object_images_CC0/egg_roll.jpg
eggbeater,object_images_CC0/eggbeater.jpg
eggnog,object_images_CC0/eggnog.jpg
eggplant,object_images_CC0/eggplant.jpg
eggshell,object_images_CC0/eggshell.jpg
elbow,object_images_CC0/elbow.jpg
electric_chair,object_images_CC0/electric_chair.jpg
elephant,object_images_CC0/elephant.jpg
emerald,object_images_CC0/emerald.jpg
enchilada,object_images_CC0/enchilada.jpg
engine,object_images_CC0/engine.jpg
envelope,object_images_CC0/envelope.jpg
eraser,object_images_CC0/eraser.jpg
espresso,object_images_CC0/espresso.jpg
exerciser,object_images_CC0/exerciser.jpg
exhaust_pipe,object_images_CC0/exhaust_pipe.jpg
extinguisher,object_images_CC0/extinguisher.jpg
eye,object_images_CC0/eye.jpg
eye_patch,object_images_CC0/eye_patch.jpg
eyedropper,object_images_CC0/eyedropper.jpg
eyeliner,object_images_CC0/eyeliner.jpg
eyepiece,object_images_CC0/eyepiece.jpg
face,object_images_CC0/face.jpg
face_mask,object_images_CC0/face_mask.jpg
fan,object_images_CC0/fan.jpg
fast_food,object_images_CC0/fast_food.jpg
faucet,object_images_CC0/faucet.jpg
feather,object_images_CC0/feather.jpg
fence,object_images_CC0/fence.jpg
fencepost,object_images_CC0/fencepost.jpg
fern,object_images_CC0/fern.jpg
ferret,object_images_CC0/ferret.jpg
ferris_wheel,object_images_CC0/ferris_wheel.jpg
ferry,object_images_CC0/ferry.jpg
fig,object_images_CC0/fig.jpg
figurine,object_images_CC0/figurine.jpg
file1,object_images_CC0/file1.jpg
file2,object_images_CC0/file2.jpg
filing_cabinet,object_images_CC0/filing_cabinet.jpg
film,object_images_CC0/film.jpg
filter,object_images_CC0/filter.jpg
finger,object_images_CC0/finger.jpg
fingerprint,object_images_CC0/fingerprint.jpg
fire,object_images_CC0/fire.jpg
fire_alarm,object_images_CC0/fire_alarm.jpg
fire_hydrant,object_images_CC0/fire_hydrant.jpg
fire_pit,object_images_CC0/fire_pit.jpg
firecracker,object_images_CC0/firecracker.jpg
fireplace,object_images_CC0/fireplace.jpg
firetruck,object_images_CC0/firetruck.jpg
firewood,object_images_CC0/firewood.jpg
fireworks,object_images_CC0/fireworks.jpg
first-aid_kit,object_images_CC0/first-aid_kit.jpg
fish,object_images_CC0/fish.jpg
fishbowl,object_images_CC0/fishbowl.jpg
fishhook,object_images_CC0/fishhook.jpg
fishing_pole,object_images_CC0/fishing_pole.jpg
fishnet_stockings,object_images_CC0/fishnet_stockings.jpg
flag,object_images_CC0/flag.jpg
flagpole,object_images_CC0/flagpole.jpg
flamethrower,object_images_CC0/flamethrower.jpg
flamingo,object_images_CC0/flamingo.jpg
flan,object_images_CC0/flan.jpg
flashbulb,object_images_CC0/flashbulb.jpg
flashlight,object_images_CC0/flashlight.jpg
flask,object_images_CC0/flask.jpg
flatiron,object_images_CC0/flatiron.jpg
flip_flop,object_images_CC0/flip_flop.jpg
flipper,object_images_CC0/flipper.jpg
float,object_images_CC0/float.jpg
floss,object_images_CC0/floss.jpg
flour,object_images_CC0/flour.jpg
flower,object_images_CC0/flower.jpg
flute,object_images_CC0/flute.jpg
fly,object_images_CC0/fly.jpg
flypaper,object_images_CC0/flypaper.jpg
flyswatter,object_images_CC0/flyswatter.jpg
foam,object_images_CC0/foam.jpg
folder,object_images_CC0/folder.jpg
fondue,object_images_CC0/fondue.jpg
food_processor,object_images_CC0/food_processor.jpg
foot,object_images_CC0/foot.jpg
football,object_images_CC0/football.jpg
football_helmet,object_images_CC0/football_helmet.jpg
footbath,object_images_CC0/footbath.jpg
footprint,object_images_CC0/footprint.jpg
footrest,object_images_CC0/footrest.jpg
fork,object_images_CC0/fork.jpg
forklift,object_images_CC0/forklift.jpg
fossil,object_images_CC0/fossil.jpg
fountain_pen,object_images_CC0/fountain_pen.jpg
fox,object_images_CC0/fox.jpg
frame,object_images_CC0/frame.jpg
freezer,object_images_CC0/freezer.jpg
french_fries,object_images_CC0/french_fries.jpg
french_horn,object_images_CC0/french_horn.jpg
frisbee,object_images_CC0/frisbee.jpg
frog,object_images_CC0/frog.jpg
fruit,object_images_CC0/fruit.jpg
fruitcake,object_images_CC0/fruitcake.jpg
fudge,object_images_CC0/fudge.jpg
fungus,object_images_CC0/fungus.jpg
funnel,object_images_CC0/funnel.jpg
fur_coat,object_images_CC0/fur_coat.jpg
furnace,object_images_CC0/furnace.jpg
fuse,object_images_CC0/fuse.jpg
gallows,object_images_CC0/gallows.jpg
game,object_images_CC0/game.jpg
garbage,object_images_CC0/garbage.jpg
garbage_truck,object_images_CC0/garbage_truck.jpg
gargoyle,object_images_CC0/gargoyle.jpg
garlic,object_images_CC0/garlic.jpg
garter,object_images_CC0/garter.jpg
gas_mask,object_images_CC0/gas_mask.jpg
gasket,object_images_CC0/gasket.jpg
gate,object_images_CC0/gate.jpg
gauge,object_images_CC0/gauge.jpg
gauze,object_images_CC0/gauze.jpg
gavel,object_images_CC0/gavel.jpg
gazelle,object_images_CC0/gazelle.jpg
gear,object_images_CC0/gear.jpg
gearshift,object_images_CC0/gearshift.jpg
gel,object_images_CC0/gel.jpg
gem,object_images_CC0/gem.jpg
generator,object_images_CC0/generator.jpg
gift,object_images_CC0/gift.jpg
ginger,object_images_CC0/ginger.jpg
gingerbread_man,object_images_CC0/gingerbread_man.jpg
giraffe,object_images_CC0/giraffe.jpg
girl,object_images_CC0/girl.jpg
glass,object_images_CC0/glass.jpg
glasses,object_images_CC0/glasses.jpg
globe,object_images_CC0/globe.jpg
glove,object_images_CC0/glove.jpg
glue,object_images_CC0/glue.jpg
go-kart,object_images_CC0/go-kart.jpg
goalpost,object_images_CC0/goalpost.jpg
goat,object_images_CC0/goat.jpg
goblet,object_images_CC0/goblet.jpg
goggles,object_images_CC0/goggles.jpg
gold,object_images_CC0/gold.jpg
goldfish,object_images_CC0/goldfish.jpg
golf_cart,object_images_CC0/golf_cart.jpg
golf_club,object_images_CC0/golf_club.jpg
gondola,object_images_CC0/gondola.jpg
gong,object_images_CC0/gong.jpg
goose,object_images_CC0/goose.jpg
gopher,object_images_CC0/gopher.jpg
gorilla,object_images_CC0/gorilla.jpg
gourd,object_images_CC0/gourd.jpg
graffiti,object_images_CC0/graffiti.jpg
grain,object_images_CC0/grain.jpg
gramophone,object_images_CC0/gramophone.jpg
granite,object_images_CC0/granite.jpg
granola,object_images_CC0/granola.jpg
grape,object_images_CC0/grape.jpg
grapefruit,object_images_CC0/grapefruit.jpg
grapevine,object_images_CC0/grapevine.jpg
grass,object_images_CC0/grass.jpg
grasshopper,object_images_CC0/grasshopper.jpg
grate,object_images_CC0/grate.jpg
grater,object_images_CC0/grater.jpg
gravel,object_images_CC0/gravel.jpg
gravestone,object_images_CC0/gravestone.jpg
gravy,object_images_CC0/gravy.jpg
green_beans,object_images_CC0/green_beans.jpg
grenade,object_images_CC0/grenade.jpg
grill,object_images_CC0/grill.jpg
grille,object_images_CC0/grille.jpg
grinder,object_images_CC0/grinder.jpg
grits,object_images_CC0/grits.jpg
groundhog,object_images_CC0/groundhog.jpg
guacamole,object_images_CC0/guacamole.jpg
guardrail,object_images_CC0/guardrail.jpg
guillotine,object_images_CC0/guillotine.jpg
guinea_pig,object_images_CC0/guinea_pig.jpg
guitar,object_images_CC0/guitar.jpg
gum,object_images_CC0/gum.jpg
gumball,object_images_CC0/gumball.jpg
gumdrop,object_images_CC0/gumdrop.jpg
gun,object_images_CC0/gun.jpg
gurney,object_images_CC0/gurney.jpg
gutter,object_images_CC0/gutter.jpg
gyro,object_images_CC0/gyro.jpg
gyroscope,object_images_CC0/gyroscope.jpg
hail,object_images_CC0/hail.jpg
hair,object_images_CC0/hair.jpg
hairbrush,object_images_CC0/hairbrush.jpg
hairdryer,object_images_CC0/hairdryer.jpg
hairnet,object_images_CC0/hairnet.jpg
hairpin,object_images_CC0/hairpin.jpg
hairspray,object_images_CC0/hairspray.jpg
ham,object_images_CC0/ham.jpg
hamburger,object_images_CC0/hamburger.jpg
hammer,object_images_CC0/hammer.jpg
hammock,object_images_CC0/hammock.jpg
hamster,object_images_CC0/hamster.jpg
hand,object_images_CC0/hand.jpg
handbrake,object_images_CC0/handbrake.jpg
handcuff,object_images_CC0/handcuff.jpg
handkerchief,object_images_CC0/handkerchief.jpg
handle,object_images_CC0/handle.jpg
handlebar,object_images_CC0/handlebar.jpg
handprint,object_images_CC0/handprint.jpg
hanger,object_images_CC0/hanger.jpg
hard_disk,object_images_CC0/hard_disk.jpg
harmonica,object_images_CC0/harmonica.jpg
harness,object_images_CC0/harness.jpg
harp,object_images_CC0/harp.jpg
hash,object_images_CC0/hash.jpg
hat,object_images_CC0/hat.jpg
hatbox,object_images_CC0/hatbox.jpg
hatchet,object_images_CC0/hatchet.jpg
hawk,object_images_CC0/hawk.jpg
hay,object_images_CC0/hay.jpg
headband,object_images_CC0/headband.jpg
headdress,object_images_CC0/headdress.jpg
headlamp,object_images_CC0/headlamp.jpg
headlight,object_images_CC0/headlight.jpg
headphones,object_images_CC0/headphones.jpg
headrest,object_images_CC0/headrest.jpg
headscarf,object_images_CC0/headscarf.jpg
headset,object_images_CC0/headset.jpg
hearing_aid,object_images_CC0/hearing_aid.jpg
hearse,object_images_CC0/hearse.jpg
heater,object_images_CC0/heater.jpg
hedge,object_images_CC0/hedge.jpg
hedgehog,object_images_CC0/hedgehog.jpg
helicopter,object_images_CC0/helicopter.jpg
helmet,object_images_CC0/helmet.jpg
highchair,object_images_CC0/highchair.jpg
highlighter,object_images_CC0/highlighter.jpg
hinge,object_images_CC0/hinge.jpg
hip,object_images_CC0/hip.jpg
hippopotamus,object_images_CC0/hippopotamus.jpg
hobbyhorse,object_images_CC0/hobbyhorse.jpg
hockey_stick,object_images_CC0/hockey_stick.jpg
hoe,object_images_CC0/hoe.jpg
hole,object_images_CC0/hole.jpg
holster,object_images_CC0/holster.jpg
home_plate,object_images_CC0/home_plate.jpg
honey,object_images_CC0/honey.jpg
honeycomb,object_images_CC0/honeycomb.jpg
honeypot,object_images_CC0/honeypot.jpg
hood,object_images_CC0/hood.jpg
hoodie,object_images_CC0/hoodie.jpg
hook1,object_images_CC0/hook1.jpg
hook2,object_images_CC0/hook2.jpg
hookah,object_images_CC0/hookah.jpg
hopscotch,object_images_CC0/hopscotch.jpg
horn,object_images_CC0/horn.jpg
horse,object_images_CC0/horse.jpg
horseshoe,object_images_CC0/horseshoe.jpg
hose,object_images_CC0/hose.jpg
hot-air_balloon,object_images_CC0/hot-air_balloon.jpg
hot-water_bottle,object_images_CC0/hot-water_bottle.jpg
hot_chocolate,object_images_CC0/hot_chocolate.jpg
hot_tub,object_images_CC0/hot_tub.jpg
hotdog,object_images_CC0/hotdog.jpg
hotplate,object_images_CC0/hotplate.jpg
hourglass,object_images_CC0/hourglass.jpg
hovercraft,object_images_CC0/hovercraft.jpg
hubcap,object_images_CC0/hubcap.jpg
hula_hoop,object_images_CC0/hula_hoop.jpg
hummingbird,object_images_CC0/hummingbird.jpg
hummus,object_images_CC0/hummus.jpg
humvee,object_images_CC0/humvee.jpg
hydrant,object_images_CC0/hydrant.jpg
hyena,object_images_CC0/hyena.jpg
ice-cream_cone,object_images_CC0/ice-cream_cone.jpg
ice,object_images_CC0/ice.jpg
ice_cream,object_images_CC0/ice_cream.jpg
ice_cube,object_images_CC0/ice_cube.jpg
ice_pack,object_images_CC0/ice_pack.jpg
icemaker,object_images_CC0/icemaker.jpg
icepick,object_images_CC0/icepick.jpg
iceskate,object_images_CC0/iceskate.jpg
icicle,object_images_CC0/icicle.jpg
iguana,object_images_CC0/iguana.jpg
incense,object_images_CC0/incense.jpg
incubator,object_images_CC0/incubator.jpg
inhaler,object_images_CC0/inhaler.jpg
ink,object_images_CC0/ink.jpg
inkwell,object_images_CC0/inkwell.jpg
insole,object_images_CC0/insole.jpg
iron,object_images_CC0/iron.jpg
ironing_board,object_images_CC0/ironing_board.jpg
ivy,object_images_CC0/ivy.jpg
jack,object_images_CC0/jack.jpg
jacket,object_images_CC0/jacket.jpg
jackhammer,object_images_CC0/jackhammer.jpg
jalapeno,object_images_CC0/jalapeno.jpg
jam,object_images_CC0/jam.jpg
jar,object_images_CC0/jar.jpg
javelin,object_images_CC0/javelin.jpg
jeans,object_images_CC0/jeans.jpg
jeep,object_images_CC0/jeep.jpg
jelly_bean,object_images_CC0/jelly_bean.jpg
jellyfish,object_images_CC0/jellyfish.jpg
jersey,object_images_CC0/jersey.jpg
jet,object_images_CC0/jet.jpg
jetski,object_images_CC0/jetski.jpg
jewel,object_images_CC0/jewel.jpg
jewelry,object_images_CC0/jewelry.jpg
jigsaw_puzzle,object_images_CC0/jigsaw_puzzle.jpg
joystick,object_images_CC0/joystick.jpg
jug,object_images_CC0/jug.jpg
juice,object_images_CC0/juice.jpg
juicer1,object_images_CC0/juicer1.jpg
juicer2,object_images_CC0/juicer2.jpg
jukebox,object_images_CC0/jukebox.jpg
jump_rope,object_images_CC0/jump_rope.jpg
jumpsuit,object_images_CC0/jumpsuit.jpg
kale,object_images_CC0/kale.jpg
kaleidoscope,object_images_CC0/kaleidoscope.jpg
kangaroo,object_images_CC0/kangaroo.jpg
kayak,object_images_CC0/kayak.jpg
kazoo,object_images_CC0/kazoo.jpg
kebab,object_images_CC0/kebab.jpg
keg,object_images_CC0/keg.jpg
ketchup,object_images_CC0/ketchup.jpg
kettle,object_images_CC0/kettle.jpg
key,object_images_CC0/key.jpg
keyboard,object_images_CC0/keyboard.jpg
keyhole,object_images_CC0/keyhole.jpg
kilt,object_images_CC0/kilt.jpg
kimono,object_images_CC0/kimono.jpg
kite,object_images_CC0/kite.jpg
kitten,object_images_CC0/kitten.jpg
kiwi,object_images_CC0/kiwi.jpg
knee,object_images_CC0/knee.jpg
kneepad,object_images_CC0/kneepad.jpg
knife,object_images_CC0/knife.jpg
knitting,object_images_CC0/knitting.jpg
knitting_needle,object_images_CC0/knitting_needle.jpg
knob,object_images_CC0/knob.jpg
knot,object_images_CC0/knot.jpg
koala,object_images_CC0/koala.jpg
lab_coat,object_images_CC0/lab_coat.jpg
ladder,object_images_CC0/ladder.jpg
ladle,object_images_CC0/ladle.jpg
ladybug,object_images_CC0/ladybug.jpg
lamb,object_images_CC0/lamb.jpg
lamb_chop,object_images_CC0/lamb_chop.jpg
lamp,object_images_CC0/lamp.jpg
lamppost,object_images_CC0/lamppost.jpg
lampshade,object_images_CC0/lampshade.jpg
landmine,object_images_CC0/landmine.jpg
lantern,object_images_CC0/lantern.jpg
lanyard,object_images_CC0/lanyard.jpg
laptop,object_images_CC0/laptop.jpg
lasagna,object_images_CC0/lasagna.jpg
laser_pointer,object_images_CC0/laser_pointer.jpg
latch,object_images_CC0/latch.jpg
latte,object_images_CC0/latte.jpg
laundry_basket,object_images_CC0/laundry_basket.jpg
lava,object_images_CC0/lava.jpg
lavender,object_images_CC0/lavender.jpg
lawnmower,object_images_CC0/lawnmower.jpg
leaf,object_images_CC0/leaf.jpg
leash,object_images_CC0/leash.jpg
lectern,object_images_CC0/lectern.jpg
leech,object_images_CC0/leech.jpg
leek,object_images_CC0/leek.jpg
leg,object_images_CC0/leg.jpg
leggings,object_images_CC0/leggings.jpg
lego,object_images_CC0/lego.jpg
lemon,object_images_CC0/lemon.jpg
lemonade,object_images_CC0/lemonade.jpg
lens,object_images_CC0/lens.jpg
leopard,object_images_CC0/leopard.jpg
leotard,object_images_CC0/leotard.jpg
letter_opener,object_images_CC0/letter_opener.jpg
lettuce,object_images_CC0/lettuce.jpg
license_plate,object_images_CC0/license_plate.jpg
licorice,object_images_CC0/licorice.jpg
lid,object_images_CC0/lid.jpg
life_jacket,object_images_CC0/life_jacket.jpg
lifesaver,object_images_CC0/lifesaver.jpg
light_switch,object_images_CC0/light_switch.jpg
lightbulb,object_images_CC0/lightbulb.jpg
lighter,object_images_CC0/lighter.jpg
lightning_bug,object_images_CC0/lightning_bug.jpg
lime,object_images_CC0/lime.jpg
limousine,object_images_CC0/limousine.jpg
lingerie,object_images_CC0/lingerie.jpg
lion,object_images_CC0/lion.jpg
lip_balm,object_images_CC0/lip_balm.jpg
lip_gloss,object_images_CC0/lip_gloss.jpg
lipstick,object_images_CC0/lipstick.jpg
lizard,object_images_CC0/lizard.jpg
llama,object_images_CC0/llama.jpg
lobster,object_images_CC0/lobster.jpg
lock,object_images_CC0/lock.jpg
locker,object_images_CC0/locker.jpg
locket,object_images_CC0/locket.jpg
log,object_images_CC0/log.jpg
loincloth,object_images_CC0/loincloth.jpg
lollipop,object_images_CC0/lollipop.jpg
loom,object_images_CC0/loom.jpg
loveseat,object_images_CC0/loveseat.jpg
luggage,object_images_CC0/luggage.jpg
lumber,object_images_CC0/lumber.jpg
lunchbox,object_images_CC0/lunchbox.jpg
macadamia,object_images_CC0/macadamia.jpg
macaroni,object_images_CC0/macaroni.jpg
machete,object_images_CC0/machete.jpg
machine_gun,object_images_CC0/machine_gun.jpg
maggot,object_images_CC0/maggot.jpg
magnet,object_images_CC0/magnet.jpg
magnifier,object_images_CC0/magnifier.jpg
magnifying_glass,object_images_CC0/magnifying_glass.jpg
mail,object_images_CC0/mail.jpg
mailbox,object_images_CC0/mailbox.jpg
makeup,object_images_CC0/makeup.jpg
mallet,object_images_CC0/mallet.jpg
man,object_images_CC0/man.jpg
manatee,object_images_CC0/manatee.jpg
mandolin,object_images_CC0/mandolin.jpg
mango,object_images_CC0/mango.jpg
manhole,object_images_CC0/manhole.jpg
mannequin,object_images_CC0/mannequin.jpg
mantle,object_images_CC0/mantle.jpg
map,object_images_CC0/map.jpg
maple_syrup,object_images_CC0/maple_syrup.jpg
marble,object_images_CC0/marble.jpg
margarita,object_images_CC0/margarita.jpg
marijuana,object_images_CC0/marijuana.jpg
marker,object_images_CC0/marker.jpg
marmalade,object_images_CC0/marmalade.jpg
marshmallow,object_images_CC0/marshmallow.jpg
mascara,object_images_CC0/mascara.jpg
mashed_potato,object_images_CC0/mashed_potato.jpg
mask,object_images_CC0/mask.jpg
mast,object_images_CC0/mast.jpg
mat,object_images_CC0/mat.jpg
match,object_images_CC0/match.jpg
matchbox,object_images_CC0/matchbox.jpg
mattress,object_images_CC0/mattress.jpg
measuring_cup,object_images_CC0/measuring_cup.jpg
meat,object_images_CC0/meat.jpg
meat_grinder,object_images_CC0/meat_grinder.jpg
meatball,object_images_CC0/meatball.jpg
meatloaf,object_images_CC0/meatloaf.jpg
medal,object_images_CC0/medal.jpg
meerkat,object_images_CC0/meerkat.jpg
megaphone,object_images_CC0/megaphone.jpg
melon,object_images_CC0/melon.jpg
memory_stick,object_images_CC0/memory_stick.jpg
metal_detector,object_images_CC0/metal_detector.jpg
metronome,object_images_CC0/metronome.jpg
microphone,object_images_CC0/microphone.jpg
microscope,object_images_CC0/microscope.jpg
microwave,object_images_CC0/microwave.jpg
milk,object_images_CC0/milk.jpg
milkshake,object_images_CC0/milkshake.jpg
minivan,object_images_CC0/minivan.jpg
mint,object_images_CC0/mint.jpg
mirror,object_images_CC0/mirror.jpg
missile,object_images_CC0/missile.jpg
mistletoe,object_images_CC0/mistletoe.jpg
mitten,object_images_CC0/mitten.jpg
mixer,object_images_CC0/mixer.jpg
moccasin,object_images_CC0/moccasin.jpg
modem,object_images_CC0/modem.jpg
mold1,object_images_CC0/mold1.jpg
mold2,object_images_CC0/mold2.jpg
mole,object_images_CC0/mole.jpg
money,object_images_CC0/money.jpg
mongoose,object_images_CC0/mongoose.jpg
monkey,object_images_CC0/monkey.jpg
moose,object_images_CC0/moose.jpg
mop,object_images_CC0/mop.jpg
mosquito,object_images_CC0/mosquito.jpg
mosquito_net,object_images_CC0/mosquito_net.jpg
moss,object_images_CC0/moss.jpg
moth,object_images_CC0/moth.jpg
motherboard,object_images_CC0/motherboard.jpg
motorcycle,object_images_CC0/motorcycle.jpg
mouse1,object_images_CC0/mouse1.jpg
mouse2,object_images_CC0/mouse2.jpg
mousepad,object_images_CC0/mousepad.jpg
mousetrap,object_images_CC0/mousetrap.jpg
mousse,object_images_CC0/mousse.jpg
mouth,object_images_CC0/mouth.jpg
mouthpiece,object_images_CC0/mouthpiece.jpg
mud,object_images_CC0/mud.jpg
muff,object_images_CC0/muff.jpg
muffin,object_images_CC0/muffin.jpg
mug,object_images_CC0/mug.jpg
mulberry,object_images_CC0/mulberry.jpg
mulch,object_images_CC0/mulch.jpg
mullet,object_images_CC0/mullet.jpg
mushroom,object_images_CC0/mushroom.jpg
music_box,object_images_CC0/music_box.jpg
mussel,object_images_CC0/mussel.jpg
mustache,object_images_CC0/mustache.jpg
mustard,object_images_CC0/mustard.jpg
nacho,object_images_CC0/nacho.jpg
nail,object_images_CC0/nail.jpg
nail_clippers,object_images_CC0/nail_clippers.jpg
nail_file,object_images_CC0/nail_file.jpg
nail_polish,object_images_CC0/nail_polish.jpg
napkin,object_images_CC0/napkin.jpg
napkin_ring,object_images_CC0/napkin_ring.jpg
navel,object_images_CC0/navel.jpg
neck,object_images_CC0/neck.jpg
necklace,object_images_CC0/necklace.jpg
needle,object_images_CC0/needle.jpg
nest,object_images_CC0/nest.jpg
net,object_images_CC0/net.jpg
nightshirt,object_images_CC0/nightshirt.jpg
nightstand,object_images_CC0/nightstand.jpg
noisemaker,object_images_CC0/noisemaker.jpg
noodle,object_images_CC0/noodle.jpg
noose,object_images_CC0/noose.jpg
nose,object_images_CC0/nose.jpg
notebook,object_images_CC0/notebook.jpg
notepad,object_images_CC0/notepad.jpg
nut,object_images_CC0/nut.jpg
nutcracker,object_images_CC0/nutcracker.jpg
oar,object_images_CC0/oar.jpg
oatmeal,object_images_CC0/oatmeal.jpg
octopus,object_images_CC0/octopus.jpg
odometer,object_images_CC0/odometer.jpg
oil,object_images_CC0/oil.jpg
oilcan,object_images_CC0/oilcan.jpg
okra,object_images_CC0/okra.jpg
olive,object_images_CC0/olive.jpg
omelet,object_images_CC0/omelet.jpg
onion,object_images_CC0/onion.jpg
orange,object_images_CC0/orange.jpg
orange_rind,object_images_CC0/orange_rind.jpg
orangutan,object_images_CC0/orangutan.jpg
orchid,object_images_CC0/orchid.jpg
organ,object_images_CC0/organ.jpg
origami,object_images_CC0/origami.jpg
ostrich,object_images_CC0/ostrich.jpg
otter,object_images_CC0/otter.jpg
ottoman,object_images_CC0/ottoman.jpg
outfit,object_images_CC0/outfit.jpg
outlet,object_images_CC0/outlet.jpg
oven,object_images_CC0/oven.jpg
overalls,object_images_CC0/overalls.jpg
owl,object_images_CC0/owl.jpg
oyster,object_images_CC0/oyster.jpg
pacifier,object_images_CC0/pacifier.jpg
paddle,object_images_CC0/paddle.jpg
padlock,object_images_CC0/padlock.jpg
paint,object_images_CC0/paint.jpg
paintbrush,object_images_CC0/paintbrush.jpg
painting,object_images_CC0/painting.jpg
pajamas,object_images_CC0/pajamas.jpg
palette,object_images_CC0/palette.jpg
pallet,object_images_CC0/pallet.jpg
palm_tree,object_images_CC0/palm_tree.jpg
pan,object_images_CC0/pan.jpg
pancake,object_images_CC0/pancake.jpg
panda,object_images_CC0/panda.jpg
panther,object_images_CC0/panther.jpg
panties,object_images_CC0/panties.jpg
pants,object_images_CC0/pants.jpg
pantsuit,object_images_CC0/pantsuit.jpg
pantyhose,object_images_CC0/pantyhose.jpg
papaya,object_images_CC0/papaya.jpg
paper,object_images_CC0/paper.jpg
paper_bag,object_images_CC0/paper_bag.jpg
paper_plate,object_images_CC0/paper_plate.jpg
paper_towel,object_images_CC0/paper_towel.jpg
paperclip,object_images_CC0/paperclip.jpg
paperweight,object_images_CC0/paperweight.jpg
parachute,object_images_CC0/parachute.jpg
parfait,object_images_CC0/parfait.jpg
parking_meter,object_images_CC0/parking_meter.jpg
parrot,object_images_CC0/parrot.jpg
parsley,object_images_CC0/parsley.jpg
pasta,object_images_CC0/pasta.jpg
pastry,object_images_CC0/pastry.jpg
patch,object_images_CC0/patch.jpg
patty,object_images_CC0/patty.jpg
payphone,object_images_CC0/payphone.jpg
pea,object_images_CC0/pea.jpg
peach,object_images_CC0/peach.jpg
peacock,object_images_CC0/peacock.jpg
peanut,object_images_CC0/peanut.jpg
peanut_butter,object_images_CC0/peanut_butter.jpg
pear,object_images_CC0/pear.jpg
pearl,object_images_CC0/pearl.jpg
pecan,object_images_CC0/pecan.jpg
pedal,object_images_CC0/pedal.jpg
pedometer,object_images_CC0/pedometer.jpg
peeler,object_images_CC0/peeler.jpg
peg,object_images_CC0/peg.jpg
pelican,object_images_CC0/pelican.jpg
pen,object_images_CC0/pen.jpg
pencil,object_images_CC0/pencil.jpg
pencil_sharpener,object_images_CC0/pencil_sharpener.jpg
pendulum,object_images_CC0/pendulum.jpg
penguin,object_images_CC0/penguin.jpg
penholder,object_images_CC0/penholder.jpg
penlight,object_images_CC0/penlight.jpg
pennant,object_images_CC0/pennant.jpg
pepper1,object_images_CC0/pepper1.jpg
pepper2,object_images_CC0/pepper2.jpg
pepper_mill,object_images_CC0/pepper_mill.jpg
peppermint,object_images_CC0/peppermint.jpg
pepperoni,object_images_CC0/pepperoni.jpg
perfume,object_images_CC0/perfume.jpg
periscope,object_images_CC0/periscope.jpg
pesto,object_images_CC0/pesto.jpg
pet_food,object_images_CC0/pet_food.jpg
petal,object_images_CC0/petal.jpg
petri_dish,object_images_CC0/petri_dish.jpg
pheasant,object_images_CC0/pheasant.jpg
phone,object_images_CC0/phone.jpg
phone_booth,object_images_CC0/phone_booth.jpg
photo_booth,object_images_CC0/photo_booth.jpg
photograph,object_images_CC0/photograph.jpg
piano,object_images_CC0/piano.jpg
pickax,object_images_CC0/pickax.jpg
pickle,object_images_CC0/pickle.jpg
pie,object_images_CC0/pie.jpg
piecrust,object_images_CC0/piecrust.jpg
pig,object_images_CC0/pig.jpg
pigeon,object_images_CC0/pigeon.jpg
piggy_bank,object_images_CC0/piggy_bank.jpg
piglet,object_images_CC0/piglet.jpg
pill,object_images_CC0/pill.jpg
pillbox,object_images_CC0/pillbox.jpg
pillow,object_images_CC0/pillow.jpg
pin,object_images_CC0/pin.jpg
pinball,object_images_CC0/pinball.jpg
pincushion,object_images_CC0/pincushion.jpg
pine_needle,object_images_CC0/pine_needle.jpg
pine_tree,object_images_CC0/pine_tree.jpg
pineapple,object_images_CC0/pineapple.jpg
pinecone,object_images_CC0/pinecone.jpg
ping-pong_table,object_images_CC0/ping-pong_table.jpg
pinwheel,object_images_CC0/pinwheel.jpg
pipe1,object_images_CC0/pipe1.jpg
pipe2,object_images_CC0/pipe2.jpg
pistachio,object_images_CC0/pistachio.jpg
pita,object_images_CC0/pita.jpg
pitcher,object_images_CC0/pitcher.jpg
pitchfork,object_images_CC0/pitchfork.jpg
pizza,object_images_CC0/pizza.jpg
place_mat,object_images_CC0/place_mat.jpg
plant,object_images_CC0/plant.jpg
plaster_cast,object_images_CC0/plaster_cast.jpg
plastic_film,object_images_CC0/plastic_film.jpg
plate,object_images_CC0/plate.jpg
platypus,object_images_CC0/platypus.jpg
playing_card,object_images_CC0/playing_card.jpg
playpen,object_images_CC0/playpen.jpg
pliers,object_images_CC0/pliers.jpg
plug,object_images_CC0/plug.jpg
plum,object_images_CC0/plum.jpg
plunger,object_images_CC0/plunger.jpg
pocket,object_images_CC0/pocket.jpg
pocket_watch,object_images_CC0/pocket_watch.jpg
pocketknife,object_images_CC0/pocketknife.jpg
pogo_stick,object_images_CC0/pogo_stick.jpg
poinsettia,object_images_CC0/poinsettia.jpg
poker,object_images_CC0/poker.jpg
polar_bear,object_images_CC0/polar_bear.jpg
polaroid,object_images_CC0/polaroid.jpg
pole,object_images_CC0/pole.jpg
police_car,object_images_CC0/police_car.jpg
polisher,object_images_CC0/polisher.jpg
polo_shirt,object_images_CC0/polo_shirt.jpg
polygraph,object_images_CC0/polygraph.jpg
pom-pom,object_images_CC0/pom-pom.jpg
pomegranate,object_images_CC0/pomegranate.jpg
pony,object_images_CC0/pony.jpg
poodle,object_images_CC0/poodle.jpg
pool_table,object_images_CC0/pool_table.jpg
popcorn,object_images_CC0/popcorn.jpg
poppy,object_images_CC0/poppy.jpg
popsicle,object_images_CC0/popsicle.jpg
porcupine,object_images_CC0/porcupine.jpg
porthole,object_images_CC0/porthole.jpg
possum,object_images_CC0/possum.jpg
poster,object_images_CC0/poster.jpg
pot,object_images_CC0/pot.jpg
potato,object_images_CC0/potato.jpg
potholder,object_images_CC0/potholder.jpg
pothole,object_images_CC0/pothole.jpg
potpie,object_images_CC0/potpie.jpg
potpourri,object_images_CC0/potpourri.jpg
powder,object_images_CC0/powder.jpg
power_line,object_images_CC0/power_line.jpg
praying_mantis,object_images_CC0/praying_mantis.jpg
pretzel,object_images_CC0/pretzel.jpg
printer,object_images_CC0/printer.jpg
prism,object_images_CC0/prism.jpg
projector,object_images_CC0/projector.jpg
propeller,object_images_CC0/propeller.jpg
prune,object_images_CC0/prune.jpg
puck,object_images_CC0/puck.jpg
pudding,object_images_CC0/pudding.jpg
puddle,object_images_CC0/puddle.jpg
puffin,object_images_CC0/puffin.jpg
pug,object_images_CC0/pug.jpg
pulley,object_images_CC0/pulley.jpg
pulpit,object_images_CC0/pulpit.jpg
pump,object_images_CC0/pump.jpg
pumpkin,object_images_CC0/pumpkin.jpg
punch1,object_images_CC0/punch1.jpg
punch2,object_images_CC0/punch2.jpg
punching_bag,object_images_CC0/punching_bag.jpg
puppet,object_images_CC0/puppet.jpg
puppy,object_images_CC0/puppy.jpg
purse,object_images_CC0/purse.jpg
quad,object_images_CC0/quad.jpg
quesadilla,object_images_CC0/quesadilla.jpg
quiche,object_images_CC0/quiche.jpg
quill,object_images_CC0/quill.jpg
quilt,object_images_CC0/quilt.jpg
rabbit,object_images_CC0/rabbit.jpg
raccoon,object_images_CC0/raccoon.jpg
racehorse,object_images_CC0/racehorse.jpg
rack1,object_images_CC0/rack1.jpg
rack2,object_images_CC0/rack2.jpg
racket,object_images_CC0/racket.jpg
radar,object_images_CC0/radar.jpg
radiator,object_images_CC0/radiator.jpg
radio,object_images_CC0/radio.jpg
radish,object_images_CC0/radish.jpg
raft,object_images_CC0/raft.jpg
rag,object_images_CC0/rag.jpg
railing,object_images_CC0/railing.jpg
rain_gauge,object_images_CC0/rain_gauge.jpg
raincoat,object_images_CC0/raincoat.jpg
raisin,object_images_CC0/raisin.jpg
rake,object_images_CC0/rake.jpg
ram,object_images_CC0/ram.jpg
ramp,object_images_CC0/ramp.jpg
raspberry,object_images_CC0/raspberry.jpg
rat,object_images_CC0/rat.jpg
ratchet,object_images_CC0/ratchet.jpg
rattle,object_images_CC0/rattle.jpg
rattlesnake,object_images_CC0/rattlesnake.jpg
ravioli,object_images_CC0/ravioli.jpg
razor,object_images_CC0/razor.jpg
razor_blade,object_images_CC0/razor_blade.jpg
ready_meal,object_images_CC0/ready_meal.jpg
rearview_mirror,object_images_CC0/rearview_mirror.jpg
recliner,object_images_CC0/recliner.jpg
record,object_images_CC0/record.jpg
record_player,object_images_CC0/record_player.jpg
recorder,object_images_CC0/recorder.jpg
red_carpet,object_images_CC0/red_carpet.jpg
reel,object_images_CC0/reel.jpg
refrigerator,object_images_CC0/refrigerator.jpg
reindeer,object_images_CC0/reindeer.jpg
remote_control,object_images_CC0/remote_control.jpg
retainer,object_images_CC0/retainer.jpg
revolver,object_images_CC0/revolver.jpg
revolving_door,object_images_CC0/revolving_door.jpg
rhinoceros,object_images_CC0/rhinoceros.jpg
rhubarb,object_images_CC0/rhubarb.jpg
ribbon,object_images_CC0/ribbon.jpg
rice,object_images_CC0/rice.jpg
rickshaw,object_images_CC0/rickshaw.jpg
rifle,object_images_CC0/rifle.jpg
rim,object_images_CC0/rim.jpg
ring,object_images_CC0/ring.jpg
riser,object_images_CC0/riser.jpg
road_sign,object_images_CC0/road_sign.jpg
roadsweeper,object_images_CC0/roadsweeper.jpg
robe,object_images_CC0/robe.jpg
robot,object_images_CC0/robot.jpg
rock,object_images_CC0/rock.jpg
rocket,object_images_CC0/rocket.jpg
rocking_chair,object_images_CC0/rocking_chair.jpg
rocking_horse,object_images_CC0/rocking_horse.jpg
roll,object_images_CC0/roll.jpg
roller,object_images_CC0/roller.jpg
roller_coaster,object_images_CC0/roller_coaster.jpg
rollerblade,object_images_CC0/rollerblade.jpg
rollerskate,object_images_CC0/rollerskate.jpg
rolling_pin,object_images_CC0/rolling_pin.jpg
roof_rack,object_images_CC0/roof_rack.jpg
rooster,object_images_CC0/rooster.jpg
root,object_images_CC0/root.jpg
rope,object_images_CC0/rope.jpg
rosary,object_images_CC0/rosary.jpg
rose,object_images_CC0/rose.jpg
roulette_wheel,object_images_CC0/roulette_wheel.jpg
router,object_images_CC0/router.jpg
rubber_band,object_images_CC0/rubber_band.jpg
ruby,object_images_CC0/ruby.jpg
rudder,object_images_CC0/rudder.jpg
rug,object_images_CC0/rug.jpg
ruler,object_images_CC0/ruler.jpg
rust,object_images_CC0/rust.jpg
saddle,object_images_CC0/saddle.jpg
safety_pin,object_images_CC0/safety_pin.jpg
saffron,object_images_CC0/saffron.jpg
sail,object_images_CC0/sail.jpg
sailboat,object_images_CC0/sailboat.jpg
salad,object_images_CC0/salad.jpg
salami,object_images_CC0/salami.jpg
saltshaker,object_images_CC0/saltshaker.jpg
sand,object_images_CC0/sand.jpg
sandal,object_images_CC0/sandal.jpg
sandbag,object_images_CC0/sandbag.jpg
sandbox,object_images_CC0/sandbox.jpg
sandcastle,object_images_CC0/sandcastle.jpg
sandpaper,object_images_CC0/sandpaper.jpg
sandwich,object_images_CC0/sandwich.jpg
sarcophagus,object_images_CC0/sarcophagus.jpg
sardine,object_images_CC0/sardine.jpg
satellite,object_images_CC0/satellite.jpg
satellite_dish,object_images_CC0/satellite_dish.jpg
sauce,object_images_CC0/sauce.jpg
saucer,object_images_CC0/saucer.jpg
sauerkraut,object_images_CC0/sauerkraut.jpg
sausage,object_images_CC0/sausage.jpg
saw,object_images_CC0/saw.jpg
sawhorse,object_images_CC0/sawhorse.jpg
saxophone,object_images_CC0/saxophone.jpg
scaffold,object_images_CC0/scaffold.jpg
scaffolding,object_images_CC0/scaffolding.jpg
scale,object_images_CC0/scale.jpg
scallion,object_images_CC0/scallion.jpg
scallop,object_images_CC0/scallop.jpg
scalpel,object_images_CC0/scalpel.jpg
scanner,object_images_CC0/scanner.jpg
scarecrow,object_images_CC0/scarecrow.jpg
scarf,object_images_CC0/scarf.jpg
school_bus,object_images_CC0/school_bus.jpg
scissors,object_images_CC0/scissors.jpg
scone,object_images_CC0/scone.jpg
scoop,object_images_CC0/scoop.jpg
scooter,object_images_CC0/scooter.jpg
scoreboard,object_images_CC0/scoreboard.jpg
scorpion,object_images_CC0/scorpion.jpg
scrabble,object_images_CC0/scrabble.jpg
scrambled_egg,object_images_CC0/scrambled_egg.jpg
scraper,object_images_CC0/scraper.jpg
screen1,object_images_CC0/screen1.jpg
screen2,object_images_CC0/screen2.jpg
screw,object_images_CC0/screw.jpg
screwdriver,object_images_CC0/screwdriver.jpg
scuba,object_images_CC0/scuba.jpg
sea_urchin,object_images_CC0/sea_urchin.jpg
seafood,object_images_CC0/seafood.jpg
seagull,object_images_CC0/seagull.jpg
seahorse,object_images_CC0/seahorse.jpg
seal,object_images_CC0/seal.jpg
seaplane,object_images_CC0/seaplane.jpg
seatbelt,object_images_CC0/seatbelt.jpg
seaweed,object_images_CC0/seaweed.jpg
seed,object_images_CC0/seed.jpg
seesaw,object_images_CC0/seesaw.jpg
seismograph,object_images_CC0/seismograph.jpg
sequin,object_images_CC0/sequin.jpg
sewage,object_images_CC0/sewage.jpg
sewing_kit,object_images_CC0/sewing_kit.jpg
sewing_machine,object_images_CC0/sewing_machine.jpg
shaker,object_images_CC0/shaker.jpg
shark,object_images_CC0/shark.jpg
shaving_cream,object_images_CC0/shaving_cream.jpg
shawl,object_images_CC0/shawl.jpg
shears,object_images_CC0/shears.jpg
sheath,object_images_CC0/sheath.jpg
sheep,object_images_CC0/sheep.jpg
sheet,object_images_CC0/sheet.jpg
shelf,object_images_CC0/shelf.jpg
shell1,object_images_CC0/shell1.jpg
shell2,object_images_CC0/shell2.jpg
shell3,object_images_CC0/shell3.jpg
shield,object_images_CC0/shield.jpg
ship,object_images_CC0/ship.jpg
shirt,object_images_CC0/shirt.jpg
shoe,object_images_CC0/shoe.jpg
shoe_polish,object_images_CC0/shoe_polish.jpg
shoehorn,object_images_CC0/shoehorn.jpg
shoelace,object_images_CC0/shoelace.jpg
shopping_basket,object_images_CC0/shopping_basket.jpg
shopping_cart,object_images_CC0/shopping_cart.jpg
shortbread,object_images_CC0/shortbread.jpg
shorts,object_images_CC0/shorts.jpg
shoulder,object_images_CC0/shoulder.jpg
shovel,object_images_CC0/shovel.jpg
shower,object_images_CC0/shower.jpg
shower_cap,object_images_CC0/shower_cap.jpg
shower_curtain,object_images_CC0/shower_curtain.jpg
showerhead,object_images_CC0/showerhead.jpg
shredder,object_images_CC0/shredder.jpg
shrimp,object_images_CC0/shrimp.jpg
shuffleboard,object_images_CC0/shuffleboard.jpg
shutter,object_images_CC0/shutter.jpg
sickle,object_images_CC0/sickle.jpg
sidecar,object_images_CC0/sidecar.jpg
sifter,object_images_CC0/sifter.jpg
silicone,object_images_CC0/silicone.jpg
silverware,object_images_CC0/silverware.jpg
sim_card,object_images_CC0/sim_card.jpg
sink,object_images_CC0/sink.jpg
siren,object_images_CC0/siren.jpg
skateboard,object_images_CC0/skateboard.jpg
skeleton,object_images_CC0/skeleton.jpg
skewer,object_images_CC0/skewer.jpg
ski,object_images_CC0/ski.jpg
ski_boots,object_images_CC0/ski_boots.jpg
ski_lift,object_images_CC0/ski_lift.jpg
ski_pole,object_images_CC0/ski_pole.jpg
skin,object_images_CC0/skin.jpg
skirt,object_images_CC0/skirt.jpg
skull,object_images_CC0/skull.jpg
skunk,object_images_CC0/skunk.jpg
sled,object_images_CC0/sled.jpg
sledgehammer,object_images_CC0/sledgehammer.jpg
sleeping_bag,object_images_CC0/sleeping_bag.jpg
slicer,object_images_CC0/slicer.jpg
slide,object_images_CC0/slide.jpg
slime,object_images_CC0/slime.jpg
sling,object_images_CC0/sling.jpg
slingshot,object_images_CC0/slingshot.jpg
slipper,object_images_CC0/slipper.jpg
slot,object_images_CC0/slot.jpg
slot_machine,object_images_CC0/slot_machine.jpg
sloth,object_images_CC0/sloth.jpg
slug,object_images_CC0/slug.jpg
smoke_alarm,object_images_CC0/smoke_alarm.jpg
smoothie,object_images_CC0/smoothie.jpg
snack,object_images_CC0/snack.jpg
snail,object_images_CC0/snail.jpg
snake,object_images_CC0/snake.jpg
snorkel,object_images_CC0/snorkel.jpg
snow,object_images_CC0/snow.jpg
snowball,object_images_CC0/snowball.jpg
snowboard,object_images_CC0/snowboard.jpg
snowman,object_images_CC0/snowman.jpg
snowmobile,object_images_CC0/snowmobile.jpg
snowplow,object_images_CC0/snowplow.jpg
snowshoe,object_images_CC0/snowshoe.jpg
snowsuit,object_images_CC0/snowsuit.jpg
soap,object_images_CC0/soap.jpg
soccer_ball,object_images_CC0/soccer_ball.jpg
sock,object_images_CC0/sock.jpg
soda,object_images_CC0/soda.jpg
soda_fountain,object_images_CC0/soda_fountain.jpg
sofa_bed,object_images_CC0/sofa_bed.jpg
solar_panel,object_images_CC0/solar_panel.jpg
soldering_iron,object_images_CC0/soldering_iron.jpg
sombrero,object_images_CC0/sombrero.jpg
sonogram,object_images_CC0/sonogram.jpg
sorbet,object_images_CC0/sorbet.jpg
souffle,object_images_CC0/souffle.jpg
soup,object_images_CC0/soup.jpg
soy_sauce,object_images_CC0/soy_sauce.jpg
space_shuttle,object_images_CC0/space_shuttle.jpg
spacesuit,object_images_CC0/spacesuit.jpg
spaghetti,object_images_CC0/spaghetti.jpg
spam,object_images_CC0/spam.jpg
spareribs,object_images_CC0/spareribs.jpg
spark_plug,object_images_CC0/spark_plug.jpg
sparkler,object_images_CC0/sparkler.jpg
spatula,object_images_CC0/spatula.jpg
speaker,object_images_CC0/speaker.jpg
spear,object_images_CC0/spear.jpg
speedboat,object_images_CC0/speedboat.jpg
speedometer,object_images_CC0/speedometer.jpg
spider,object_images_CC0/spider.jpg
spider_web,object_images_CC0/spider_web.jpg
spinach,object_images_CC0/spinach.jpg
splinter,object_images_CC0/splinter.jpg
sponge,object_images_CC0/sponge.jpg
spool,object_images_CC0/spool.jpg
spoon,object_images_CC0/spoon.jpg
spout,object_images_CC0/spout.jpg
spring_roll,object_images_CC0/spring_roll.jpg
springboard,object_images_CC0/springboard.jpg
sprinkler,object_images_CC0/sprinkler.jpg
sprouts,object_images_CC0/sprouts.jpg
spur,object_images_CC0/spur.jpg
squash,object_images_CC0/squash.jpg
squeegee,object_images_CC0/squeegee.jpg
squid,object_images_CC0/squid.jpg
squirrel,object_images_CC0/squirrel.jpg
squirt_gun,object_images_CC0/squirt_gun.jpg
stained_glass,object_images_CC0/stained_glass.jpg
stair,object_images_CC0/stair.jpg
stake,object_images_CC0/stake.jpg
stalagmite,object_images_CC0/stalagmite.jpg
stamp1,object_images_CC0/stamp1.jpg
stamp2,object_images_CC0/stamp2.jpg
staple,object_images_CC0/staple.jpg
staple_gun,object_images_CC0/staple_gun.jpg
stapler,object_images_CC0/stapler.jpg
star_fruit,object_images_CC0/star_fruit.jpg
starfish,object_images_CC0/starfish.jpg
station_wagon,object_images_CC0/station_wagon.jpg
statue,object_images_CC0/statue.jpg
steak,object_images_CC0/steak.jpg
steamroller,object_images_CC0/steamroller.jpg
steering_wheel,object_images_CC0/steering_wheel.jpg
stem,object_images_CC0/stem.jpg
step_stool,object_images_CC0/step_stool.jpg
stereo,object_images_CC0/stereo.jpg
stethoscope,object_images_CC0/stethoscope.jpg
stew,object_images_CC0/stew.jpg
stick,object_images_CC0/stick.jpg
sticker,object_images_CC0/sticker.jpg
stiletto,object_images_CC0/stiletto.jpg
stilt,object_images_CC0/stilt.jpg
stingray,object_images_CC0/stingray.jpg
stir_fry,object_images_CC0/stir_fry.jpg
stirrup,object_images_CC0/stirrup.jpg
stockings,object_images_CC0/stockings.jpg
stomach,object_images_CC0/stomach.jpg
stool,object_images_CC0/stool.jpg
stopwatch,object_images_CC0/stopwatch.jpg
stove1,object_images_CC0/stove1.jpg
stove2,object_images_CC0/stove2.jpg
straightjacket,object_images_CC0/straightjacket.jpg
strainer,object_images_CC0/strainer.jpg
strap,object_images_CC0/strap.jpg
straw1,object_images_CC0/straw1.jpg
straw2,object_images_CC0/straw2.jpg
strawberry,object_images_CC0/strawberry.jpg
streetlight,object_images_CC0/streetlight.jpg
stretcher,object_images_CC0/stretcher.jpg
string_cheese,object_images_CC0/string_cheese.jpg
stroller,object_images_CC0/stroller.jpg
stuffing,object_images_CC0/stuffing.jpg
stump,object_images_CC0/stump.jpg
submarine,object_images_CC0/submarine.jpg
subway,object_images_CC0/subway.jpg
sugar_cube,object_images_CC0/sugar_cube.jpg
suit,object_images_CC0/suit.jpg
suitcase,object_images_CC0/suitcase.jpg
sundae,object_images_CC0/sundae.jpg
sundial,object_images_CC0/sundial.jpg
sunflower,object_images_CC0/sunflower.jpg
sunglasses,object_images_CC0/sunglasses.jpg
sunroof,object_images_CC0/sunroof.jpg
surfboard,object_images_CC0/surfboard.jpg
sushi,object_images_CC0/sushi.jpg
suspenders,object_images_CC0/suspenders.jpg
swab,object_images_CC0/swab.jpg
swan,object_images_CC0/swan.jpg
sweater,object_images_CC0/sweater.jpg
sweatsuit,object_images_CC0/sweatsuit.jpg
sweeper,object_images_CC0/sweeper.jpg
sweet_potato,object_images_CC0/sweet_potato.jpg
swimming_pool,object_images_CC0/swimming_pool.jpg
swimsuit,object_images_CC0/swimsuit.jpg
swing,object_images_CC0/swing.jpg
swing_set,object_images_CC0/swing_set.jpg
switch,object_images_CC0/switch.jpg
swizzle_stick,object_images_CC0/swizzle_stick.jpg
sword,object_images_CC0/sword.jpg
swordfish,object_images_CC0/swordfish.jpg
syringe,object_images_CC0/syringe.jpg
syrup,object_images_CC0/syrup.jpg
t-shirt,object_images_CC0/t-shirt.jpg
tab,object_images_CC0/tab.jpg
table,object_images_CC0/table.jpg
tablecloth,object_images_CC0/tablecloth.jpg
tablet,object_images_CC0/tablet.jpg
tack,object_images_CC0/tack.jpg
tackle,object_images_CC0/tackle.jpg
taco,object_images_CC0/taco.jpg
tadpole,object_images_CC0/tadpole.jpg
taffy,object_images_CC0/taffy.jpg
tag,object_images_CC0/tag.jpg
taillight,object_images_CC0/taillight.jpg
tamale,object_images_CC0/tamale.jpg
tambourine,object_images_CC0/tambourine.jpg
tank1,object_images_CC0/tank1.jpg
tank2,object_images_CC0/tank2.jpg
tape,object_images_CC0/tape.jpg
tape_measure,object_images_CC0/tape_measure.jpg
tape_recorder,object_images_CC0/tape_recorder.jpg
tapestry,object_images_CC0/tapestry.jpg
tarantula,object_images_CC0/tarantula.jpg
target,object_images_CC0/target.jpg
tarp,object_images_CC0/tarp.jpg
tattoo,object_images_CC0/tattoo.jpg
taxi,object_images_CC0/taxi.jpg
tea,object_images_CC0/tea.jpg
teabag,object_images_CC0/teabag.jpg
teacup,object_images_CC0/teacup.jpg
teapot,object_images_CC0/teapot.jpg
teddy_bear,object_images_CC0/teddy_bear.jpg
tee,object_images_CC0/tee.jpg
teepee,object_images_CC0/teepee.jpg
telegraph,object_images_CC0/telegraph.jpg
telephone_pole,object_images_CC0/telephone_pole.jpg
telescope,object_images_CC0/telescope.jpg
television,object_images_CC0/television.jpg
tennis_ball,object_images_CC0/tennis_ball.jpg
tent,object_images_CC0/tent.jpg
terrarium,object_images_CC0/terrarium.jpg
test_tube,object_images_CC0/test_tube.jpg
thermometer,object_images_CC0/thermometer.jpg
thermos,object_images_CC0/thermos.jpg
thermostat,object_images_CC0/thermostat.jpg
thimble,object_images_CC0/thimble.jpg
thorn,object_images_CC0/thorn.jpg
thread,object_images_CC0/thread.jpg
throne,object_images_CC0/throne.jpg
thumb,object_images_CC0/thumb.jpg
thumbtack,object_images_CC0/thumbtack.jpg
tiara,object_images_CC0/tiara.jpg
tick,object_images_CC0/tick.jpg
ticktacktoe,object_images_CC0/ticktacktoe.jpg
tie,object_images_CC0/tie.jpg
tiger,object_images_CC0/tiger.jpg
tile,object_images_CC0/tile.jpg
timer,object_images_CC0/timer.jpg
tinsel,object_images_CC0/tinsel.jpg
tiramisu,object_images_CC0/tiramisu.jpg
toad,object_images_CC0/toad.jpg
toast,object_images_CC0/toast.jpg
toaster,object_images_CC0/toaster.jpg
toaster_oven,object_images_CC0/toaster_oven.jpg
toe,object_images_CC0/toe.jpg
toga,object_images_CC0/toga.jpg
toilet,object_images_CC0/toilet.jpg
toilet_paper,object_images_CC0/toilet_paper.jpg
tomato,object_images_CC0/tomato.jpg
tomato_sauce,object_images_CC0/tomato_sauce.jpg
tongs,object_images_CC0/tongs.jpg
tongue,object_images_CC0/tongue.jpg
tool,object_images_CC0/tool.jpg
toolbox,object_images_CC0/toolbox.jpg
tooth,object_images_CC0/tooth.jpg
toothbrush,object_images_CC0/toothbrush.jpg
toothpaste,object_images_CC0/toothpaste.jpg
toothpick,object_images_CC0/toothpick.jpg
top_hat,object_images_CC0/top_hat.jpg
torch,object_images_CC0/torch.jpg
torpedo,object_images_CC0/torpedo.jpg
torso,object_images_CC0/torso.jpg
tortellini,object_images_CC0/tortellini.jpg
tortilla,object_images_CC0/tortilla.jpg
tostada,object_images_CC0/tostada.jpg
totem_pole,object_images_CC0/totem_pole.jpg
toucan,object_images_CC0/toucan.jpg
touchpad,object_images_CC0/touchpad.jpg
towel,object_images_CC0/towel.jpg
towel_rack,object_images_CC0/towel_rack.jpg
toy,object_images_CC0/toy.jpg
tractor,object_images_CC0/tractor.jpg
traffic_light,object_images_CC0/traffic_light.jpg
trailer,object_images_CC0/trailer.jpg
train,object_images_CC0/train.jpg
train_car,object_images_CC0/train_car.jpg
train_set,object_images_CC0/train_set.jpg
trampoline,object_images_CC0/trampoline.jpg
trap,object_images_CC0/trap.jpg
trapdoor,object_images_CC0/trapdoor.jpg
trashcan,object_images_CC0/trashcan.jpg
tray,object_images_CC0/tray.jpg
treadmill,object_images_CC0/treadmill.jpg
treasure,object_images_CC0/treasure.jpg
tree,object_images_CC0/tree.jpg
tree_trunk,object_images_CC0/tree_trunk.jpg
triangle,object_images_CC0/triangle.jpg
tricycle,object_images_CC0/tricycle.jpg
trident,object_images_CC0/trident.jpg
trigger,object_images_CC0/trigger.jpg
tripod,object_images_CC0/tripod.jpg
trolley,object_images_CC0/trolley.jpg
trombone,object_images_CC0/trombone.jpg
trophy,object_images_CC0/trophy.jpg
trough,object_images_CC0/trough.jpg
trowel,object_images_CC0/trowel.jpg
truck,object_images_CC0/truck.jpg
trumpet,object_images_CC0/trumpet.jpg
trunk,object_images_CC0/trunk.jpg
tuba,object_images_CC0/tuba.jpg
tube_top,object_images_CC0/tube_top.jpg
tugboat,object_images_CC0/tugboat.jpg
tulip,object_images_CC0/tulip.jpg
tumbleweed,object_images_CC0/tumbleweed.jpg
tuning_fork,object_images_CC0/tuning_fork.jpg
tupperware,object_images_CC0/tupperware.jpg
turban,object_images_CC0/turban.jpg
turbine,object_images_CC0/turbine.jpg
turf,object_images_CC0/turf.jpg
turkey,object_images_CC0/turkey.jpg
turnstile,object_images_CC0/turnstile.jpg
turntable,object_images_CC0/turntable.jpg
turtle,object_images_CC0/turtle.jpg
turtleneck,object_images_CC0/turtleneck.jpg
tuxedo,object_images_CC0/tuxedo.jpg
tweezers,object_images_CC0/tweezers.jpg
twig,object_images_CC0/twig.jpg
typewriter,object_images_CC0/typewriter.jpg
ukulele,object_images_CC0/ukulele.jpg
umbrella,object_images_CC0/umbrella.jpg
undershirt,object_images_CC0/undershirt.jpg
underwear,object_images_CC0/underwear.jpg
unicycle,object_images_CC0/unicycle.jpg
uniform,object_images_CC0/uniform.jpg
urinal,object_images_CC0/urinal.jpg
urn,object_images_CC0/urn.jpg
vacuum,object_images_CC0/vacuum.jpg
valve,object_images_CC0/valve.jpg
van,object_images_CC0/van.jpg
vase,object_images_CC0/vase.jpg
vegetable,object_images_CC0/vegetable.jpg
veil,object_images_CC0/veil.jpg
velcro,object_images_CC0/velcro.jpg
vending_machine,object_images_CC0/vending_machine.jpg
vent,object_images_CC0/vent.jpg
vest,object_images_CC0/vest.jpg
vial,object_images_CC0/vial.jpg
videocassette,object_images_CC0/videocassette.jpg
videogame,object_images_CC0/videogame.jpg
viewfinder,object_images_CC0/viewfinder.jpg
violin,object_images_CC0/violin.jpg
vise,object_images_CC0/vise.jpg
visor,object_images_CC0/visor.jpg
volleyball,object_images_CC0/volleyball.jpg
vulture,object_images_CC0/vulture.jpg
wafer,object_images_CC0/wafer.jpg
waffle,object_images_CC0/waffle.jpg
waffle_iron,object_images_CC0/waffle_iron.jpg
wagon,object_images_CC0/wagon.jpg
walker1,object_images_CC0/walker1.jpg
walker2,object_images_CC0/walker2.jpg
wall,object_images_CC0/wall.jpg
wallet,object_images_CC0/wallet.jpg
wallpaper,object_images_CC0/wallpaper.jpg
walnut,object_images_CC0/walnut.jpg
walrus,object_images_CC0/walrus.jpg
wand,object_images_CC0/wand.jpg
warthog,object_images_CC0/warthog.jpg
washboard,object_images_CC0/washboard.jpg
washcloth,object_images_CC0/washcloth.jpg
washing_machine,object_images_CC0/washing_machine.jpg
wasp,object_images_CC0/wasp.jpg
watch,object_images_CC0/watch.jpg
water_bottle,object_images_CC0/water_bottle.jpg
water_cooler,object_images_CC0/water_cooler.jpg
water_filter,object_images_CC0/water_filter.jpg
water_fountain,object_images_CC0/water_fountain.jpg
water_heater,object_images_CC0/water_heater.jpg
watering_can,object_images_CC0/watering_can.jpg
watermelon,object_images_CC0/watermelon.jpg
waterwheel,object_images_CC0/waterwheel.jpg
wax,object_images_CC0/wax.jpg
wax_paper,object_images_CC0/wax_paper.jpg
weasel,object_images_CC0/weasel.jpg
weather_vane,object_images_CC0/weather_vane.jpg
webcam,object_images_CC0/webcam.jpg
wedding_cake,object_images_CC0/wedding_cake.jpg
wedge,object_images_CC0/wedge.jpg
weed,object_images_CC0/weed.jpg
wetsuit,object_images_CC0/wetsuit.jpg
whale,object_images_CC0/whale.jpg
wheat,object_images_CC0/wheat.jpg
wheel,object_images_CC0/wheel.jpg
wheelbarrow,object_images_CC0/wheelbarrow.jpg
wheelchair,object_images_CC0/wheelchair.jpg
whip,object_images_CC0/whip.jpg
whipped_cream,object_images_CC0/whipped_cream.jpg
whisk,object_images_CC0/whisk.jpg
whistle,object_images_CC0/whistle.jpg
whiteboard,object_images_CC0/whiteboard.jpg
whoopee_cushion,object_images_CC0/whoopee_cushion.jpg
wick,object_images_CC0/wick.jpg
wig,object_images_CC0/wig.jpg
wind_chimes,object_images_CC0/wind_chimes.jpg
window,object_images_CC0/window.jpg
windowsill,object_images_CC0/windowsill.jpg
windshield,object_images_CC0/windshield.jpg
windshield_wiper,object_images_CC0/windshield_wiper.jpg
windsock,object_images_CC0/windsock.jpg
wine,object_images_CC0/wine.jpg
wine_bottle,object_images_CC0/wine_bottle.jpg
wine_cooler,object_images_CC0/wine_cooler.jpg
wineglass,object_images_CC0/wineglass.jpg
wing,object_images_CC0/wing.jpg
wire,object_images_CC0/wire.jpg
wire_cutters,object_images_CC0/wire_cutters.jpg
wok,object_images_CC0/wok.jpg
wolf,object_images_CC0/wolf.jpg
woman,object_images_CC0/woman.jpg
wood,object_images_CC0/wood.jpg
wooden_leg,object_images_CC0/wooden_leg.jpg
workbench,object_images_CC0/workbench.jpg
worm,object_images_CC0/worm.jpg
wrap,object_images_CC0/wrap.jpg
wrapping_paper,object_images_CC0/wrapping_paper.jpg
wreath,object_images_CC0/wreath.jpg
wreck,object_images_CC0/wreck.jpg
wrench,object_images_CC0/wrench.jpg
wrist,object_images_CC0/wrist.jpg
xylophone,object_images_CC0/xylophone.jpg
yacht,object_images_CC0/yacht.jpg
yak,object_images_CC0/yak.jpg
yarn,object_images_CC0/yarn.jpg
yo-yo,object_images_CC0/yo-yo.jpg
yogurt,object_images_CC0/yogurt.jpg
yoke,object_images_CC0/yoke.jpg
yolk,object_images_CC0/yolk.jpg
zebra,object_images_CC0/zebra.jpg
zipper,object_images_CC0/zipper.jpg
zucchini,object_images_CC0/zucchini.jpg